"num","conm","tic","gvkey_chr","cusip","first_date","last_date","fds","Num_Articles","Num_Duplicates","Downloaded","Num_Files"
"1","ADC TELECOMMUNICATIONS INC","ADCT",1013,"000886309",2004-01-31,2007-06-30,"MGNEC",87,0,1,1
"2","AMERICAN AIRLINES GROUP INC","AAL",1045,"02376R102",2015-03-31,2018-06-30,"AMAIR",158,107,1,2
"3","PINNACLE WEST CAPITAL CORP","PNW",1075,"723484101",2004-01-31,2018-06-30,"PCLWC",153,23,1,2
"4","ABBOTT LABORATORIES","ABT",1078,"002824100",2004-01-31,2018-06-30,"ABOTLB",541,192,1,6
"5","ADVANCED MICRO DEVICES","AMD",1161,"007903107",2004-01-31,2018-06-30,"AMD",724,193,1,8
"6","AETNA INC","AET",1177,"00817Y108",2004-01-31,2018-06-30,"AETLA",1200,696,1,12
"7","AIR PRODUCTS & CHEMICALS INC","APD",1209,"009158106",2004-01-31,2018-06-30,"AIRPRO",181,85,1,2
"8","ALASKA AIR GROUP INC","ALK",1230,"011659109",2016-05-31,2018-06-30,"ALASAR",56,25,1,1
"9","ALBERTO-CULVER CO","ACV.1",1239,"013078100",2004-01-31,2006-10-31,"ALBCUL",93,0,1,1
"10","ALBERTSON'S INC","ABS.1",1240,"013104104",2004-01-31,2006-05-31,"ALBERS",106,0,1,2
"11","ALLEGHENY ENERGY INC","AYE",1279,"017361106",2004-01-31,2011-01-31,"ALLGP",107,16,1,2
"12","HONEYWELL INTERNATIONAL INC","HON",1300,"438516106",2004-01-31,2018-06-30,"ALDCHM",546,253,1,6
"13","ALLTEL CORP","AT.2",1318,"020039103",2004-01-31,2007-10-31,"MID",187,0,1,2
"14","SKYWORKS SOLUTIONS INC","SWKS",1327,"83088M102",2015-03-31,2018-06-30,"ALPHI",23,4,1,1
"15","AMERICAN ELECTRIC POWER CO","AEP",1440,"025537101",2004-01-31,2018-06-30,"AMELP",422,121,1,5
"16","AMERICAN EXPRESS CO","AXP",1447,"025816109",2004-01-31,2018-06-30,"AMEXPR",1200,644,1,12
"17","AMERICAN GREETINGS  -CL A","AM.1",1468,"026375105",2004-01-31,2004-04-30,"AMGRTC",6,0,1,1
"18","AMERICAN INTERNATIONAL GROUP","AIG",1487,"026874784",2004-01-31,2018-06-30,"AIU",1472,689,1,15
"19","ANALOG DEVICES","ADI",1632,"032654105",2004-01-31,2018-06-30,"ADEV",253,82,1,3
"20","NABORS INDUSTRIES LTD","NBR",1661,"G6359F103",2004-01-31,2015-02-28,"ANGLEN",203,47,1,3
"21","ANHEUSER-BUSCH COS INC","BUD.2",1663,"035229103",2004-01-31,2008-10-31,"ANHSRB",293,11,1,3
"22","APPLIED MATERIALS INC","AMAT",1704,"038222105",2004-01-31,2018-06-30,"APLMAT",525,232,1,6
"23","ARCHER-DANIELS-MIDLAND CO","ADM",1722,"039483102",2004-01-31,2018-06-30,"ARCH",534,219,1,6
"24","ASHLAND GLOBAL HOLDINGS INC","ASH",1794,"044186104",2004-01-31,2008-10-31,"ASHLND",160,2,1,2
"25","SOUTHERN CO GAS","GAS",1837,"001204106",2011-12-31,2016-06-30,"AGLRES",60,27,1,1
"26","AUTOMATIC DATA PROCESSING","ADP",1891,"053015103",2004-01-31,2018-06-30,"AUDAT",168,72,1,2
"27","AVERY DENNISON CORP","AVY",1913,"053611109",2004-01-31,2018-06-30,"AVRYI",233,68,1,3
"28","AVON PRODUCTS","AVP",1920,"054303102",2004-01-31,2015-02-28,"AVNCS",433,126,1,5
"29","BAKER HUGHES INC","BHI",1976,"057224107",2004-01-31,2017-06-30,"BAKINT",513,294,1,6
"30","CONSTELLATION ENERGY GRP INC","CEG",1995,"210371100",2004-01-31,2012-02-29,"BALGS",140,35,1,2
"31","BANK OF NEW YORK MELLON CORP","BK",2019,"064058100",2004-01-31,2018-06-30,"BNYC",317,268,1,4
"32","BARD (C.R.) INC","BCR",2044,"067383109",2004-01-31,2017-12-31,"BARDCR",187,67,1,2
"33","BAUSCH & LOMB HLDGS  -REDH","BOL",2085,"071707103",2004-01-31,2007-09-30,"BSCHL",236,0,1,3
"34","BAXTER INTERNATIONAL INC","BAX",2086,"071813109",2004-01-31,2018-06-30,"BTL",341,96,1,4
"35","BECTON DICKINSON & CO","BDX",2111,"075887109",2004-01-31,2018-06-30,"BEKDIK",174,86,1,2
"36","VERIZON COMMUNICATIONS INC","VZ",2136,"92343V104",2004-01-31,2018-06-30,"BELATT",770,372,1,8
"37","BEMIS CO INC","BMS",2154,"081437105",2004-01-31,2014-11-30,"BMIS",121,42,1,2
"38","BERKSHIRE HATHAWAY","BRK.B",2176,"084670702",2010-02-28,2018-06-30,"BKHT",811,828,1,9
"39","BEST BUY CO INC","BBY",2184,"086516101",2004-01-31,2018-06-30,"BSTBUY",658,301,1,7
"40","BLACK & DECKER CORP","BDK",2255,"091797100",2004-01-31,2010-02-28,"BLKDK",191,25,1,2
"41","BLOCK H & R INC","HRB",2269,"093671105",2004-01-31,2018-06-30,"BLHR",759,155,1,8
"42","ROBERT HALF INTL INC","RHI",2312,"770323103",2004-01-31,2018-06-30,"BCMP",137,27,1,2
"43","BRISTOL-MYERS SQUIBB CO","BMY",2403,"110122108",2004-01-31,2018-06-30,"BRSTMY",740,249,1,8
"44","BROWN FORMAN CORP","BF.B",2435,"115637209",2004-01-31,2018-06-30,"BRNFRM",433,161,1,5
"45","BURLINGTON NORTHERN SANTA FE","BNI",2490,"12189T104",2004-01-31,2010-01-31,"BRLNGT",193,9,1,2
"46","CAMPBELL SOUP CO","CPB",2663,"134429109",2004-01-31,2018-06-30,"CAMSUP",544,253,1,6
"47","CONSTELLATION BRANDS","STZ",2710,"21036P108",2005-07-31,2018-06-30,"CAWI",453,199,1,5
"48","CARDINAL HEALTH INC","CAH",2751,"14149Y108",2004-01-31,2018-06-30,"CDIST",554,161,1,6
"49","PROGRESS ENERGY INC","PGN.1",2783,"743263105",2004-01-31,2012-06-30,"CARPOL",215,74,1,3
"50","BBVA COMPASS BANCSHARES INC","CBSS",2849,"20449H109",2004-12-31,2007-08-31,"CBSS",51,0,1,1
"51","JPMORGAN CHASE & CO","JPM",2968,"46625H100",2004-01-31,2018-06-30,"CNYC",1600,1161,1,16
"52","CHURCH & DWIGHT INC","CHD",3026,"171340102",2015-12-31,2018-06-30,"CHDW",43,7,1,1
"53","CIRCUIT CITY STORES INC","CCTYQ",3054,"172737108",2004-01-31,2008-02-29,"WRD",243,0,1,3
"54","CLOROX CO/DE","CLX",3121,"189054109",2004-01-31,2018-06-30,"CLOR",457,137,1,5
"55","AVIS BUDGET GROUP INC","CAR",3278,"053774105",2004-01-31,2006-07-31,"CMPCRD",244,0,1,3
"56","DXC TECHNOLOGY COMPANY","DXC",3336,"23355L106",2004-01-31,2018-06-30,"CMPTSN",264,65,1,3
"57","CONAGRA BRANDS INC","CAG",3362,"205887102",2004-01-31,2018-06-30,"CAGRA",625,188,1,7
"58","CONSOLIDATED EDISON INC","ED",3413,"209115104",2004-01-31,2018-06-30,"CONSED",188,61,1,2
"59","CMS ENERGY CORP","CMS",3439,"125896100",2004-01-31,2018-06-30,"CONPOW",199,22,1,2
"60","COOPER INDUSTRIES PLC","CBE",3497,"G24140108",2004-01-31,2012-11-30,"COOPIN",161,20,1,2
"61","COOPER TIRE & RUBBER CO","CTB",3502,"216831107",2004-01-31,2006-06-30,"COOPTR",89,0,1,1
"62","COOPER COMPANIES INC","COO",3504,"216648402",2016-09-30,2018-06-30,"COOVIS",36,11,1,1
"63","MOLSON COORS BREWING CO","TAP",3505,"60871R209",2004-01-31,2018-06-30,"COORSA",256,109,1,3
"64","COUNTRYWIDE FINANCIAL CORP","CFC.3",3555,"222372104",2004-01-31,2008-06-30,"CCRIND",322,2,1,4
"65","DEERE & CO","DE",3835,"244199105",2004-01-31,2018-06-30,"DEERE",484,247,1,5
"66","DELTA AIR LINES INC","DALRQ",3851,"247361108",2004-01-31,2005-07-31,"DELTAA",221,0,1,3
"67","DELTA AIR LINES INC","DAL",3851,"247361702",2013-09-30,2018-06-30,"DELTAA",326,182,1,4
"68","DTE ENERGY CO","DTE",3897,"233331107",2004-01-31,2018-06-30,"DTEENG",333,134,1,4
"69","ADTALEM GLOBAL EDUCATION INC","ATGE",3905,"00737L103",2009-06-30,2012-09-30,"KGSM",73,35,1,1
"70","DILLARDS INC  -CL A","DDS",3964,"254067101",2004-01-31,2008-09-30,"DDSA",104,3,1,2
"71","DISNEY (WALT) CO","DIS",3980,"254687106",2004-01-31,2018-06-30,"DSNYW",1165,360,1,12
"72","DOLLAR GENERAL CORP","DG.1",4016,"256669102",2004-01-31,2007-06-30,"DOLR",148,0,1,2
"73","DOLLAR GENERAL CORP","DG",4016,"256677105",2012-12-31,2018-06-30,"DOLR",202,129,1,3
"74","DOMINION ENERGY INC","D",4029,"25746U109",2004-01-31,2018-06-30,"VEP",300,129,1,3
"75","DONNELLEY (R R) & SONS CO","RRD",4040,"257867200",2004-01-31,2012-11-30,"DONNRR",135,27,1,2
"76","DOW JONES & CO INC","DJ",4062,"260561105",2004-01-31,2007-11-30,"DOWJON",308,0,1,4
"77","OMNICOM GROUP","OMC",4066,"681919106",2004-01-31,2018-06-30,"OMNICC",239,116,1,3
"78","DU PONT (E I) DE NEMOURS","DD",4087,"263534109",2004-01-31,2017-08-31,"DUPNT",1207,638,1,13
"79","DUKE ENERGY CORP","DUK",4093,"26441C204",2004-01-31,2018-06-30,"DUKPOW",727,308,1,8
"80","DUN & BRADSTREET CORP","DNB",4094,"26483E100",2008-12-31,2017-03-31,"DANDB",45,30,1,1
"81","EASTMAN KODAK CO","EKDKQ",4194,"277461109",2004-01-31,2010-11-30,"KDAK",480,59,1,5
"82","EATON CORP PLC","ETN",4199,"G29183103",2004-01-31,2018-06-30,"ETNCO",270,73,1,3
"83","EL PASO CORP","EP",4242,"28336L109",2004-01-31,2012-04-30,"ELPASN",338,55,1,4
"84","EMERSON ELECTRIC CO","EMR",4321,"291011104",2004-01-31,2018-06-30,"EMELC",375,169,1,4
"85","WEATHERFORD INTL PLC","WFT",4367,"G48833100",2005-07-31,2009-01-31,"ENGY",55,4,1,1
"86","EXPEDITORS INTL WASH INC","EXPD",4494,"302130109",2007-10-31,2018-06-30,"EXPED",52,29,1,1
"87","EXXON MOBIL CORP","XOM",4503,"30231G102",2004-01-31,2018-06-30,"EXXN",1291,522,1,13
"88","NEXTERA ENERGY INC","NEE",4517,"65339F101",2004-01-31,2018-06-30,"FPL",204,139,1,3
"89","FAMILY DOLLAR STORES","FDO",4560,"307000109",2004-01-31,2015-06-30,"FDOST",311,123,1,4
"90","FANNIE MAE","FNMA",4601,"313586109",2004-01-31,2008-08-31,"FEDNAT",1273,56,1,13
"91","FEDERAL REALTY INVESTMENT TR","FRT",4605,"313747206",2016-02-29,2018-06-30,"FRT",22,5,1,1
"92","FIFTH THIRD BANCORP","FITB",4640,"316773100",2004-01-31,2018-06-30,"FITB",404,137,1,5
"93","REGIONS FINANCIAL CORP","RF",4674,"7591EP100",2004-01-31,2018-06-30,"FABNC",336,117,1,4
"94","M & T BANK CORP","MTB",4699,"55261F104",2004-02-29,2018-06-30,"FEMP",315,125,1,4
"95","U S BANCORP","USB",4723,"902973304",2004-01-31,2018-06-30,"STABAN",614,310,1,7
"96","FIRST HORIZON NATIONAL CORP","FHN",4737,"320517105",2004-01-31,2013-05-31,"FTEN",121,22,1,2
"97","FLEETBOSTON FINANCIAL CORP","FBF",4764,"339030108",2004-01-31,2004-03-31,"FLEFIN",9,0,1,1
"98","FORD MOTOR CO","F",4839,"345370860",2004-01-31,2018-06-30,"FRDMO",2728,1043,1,28
"99","FOREST LABORATORIES  -CL A","FRX",4843,"345838106",2004-01-31,2014-06-30,"FRSTLB",255,67,1,3
"100","FRANKLIN RESOURCES INC","BEN",4885,"354613101",2004-01-31,2018-06-30,"FRRI",346,128,1,4
"101","ARTHUR J GALLAGHER & CO","AJG",4973,"363576109",2016-05-31,2018-06-30,"GALGHA",18,2,1,1
"102","GENERAL DYNAMICS CORP","GD",5046,"369550108",2004-01-31,2018-06-30,"GENDYM",434,112,1,5
"103","GENERAL ELECTRIC CO","GE",5047,"369604103",2004-01-31,2018-06-30,"GNELC",2494,1465,1,25
"104","GENERAL MILLS INC","GIS",5071,"370334104",2004-01-31,2018-06-30,"GNMLL",784,388,1,8
"105","GENERAL MOTORS CO","GM",5073,"37045V100",2013-06-30,2018-06-30,"GNMOC",930,895,1,10
"106","GENERAL MOTORS CO","MTLQQ",5073,"62010A105",2004-01-31,2009-05-31,"GNMOC",2369,99,1,24
"107","ELECTRONIC DATA SYSTEMS CORP","EDS.",5074,"285661104",2004-01-31,2008-07-31,"ELDATS",0,0,1,0
"108","GENUINE PARTS CO","GPC",5125,"372460105",2004-01-31,2018-06-30,"GENPT",195,45,1,2
"109","GOLDEN WEST FINANCIAL CORP","GDW",5216,"381317106",2004-01-31,2006-09-30,"GDW",37,0,1,1
"110","GOODYEAR TIRE & RUBBER CO","GT",5234,"382550101",2004-01-31,2018-06-30,"GDYRR",481,123,1,5
"111","GRAINGER (W W) INC","GWW",5256,"384802104",2004-01-31,2018-06-30,"GRNGRW",252,126,1,3
"112","GREAT LAKES CHEMICAL CORP","GLK.1",5306,"390568103",2004-01-31,2005-06-30,"GRELAC",24,0,1,1
"113","KRAFT HEINZ CO","KHC",5568,"500754106",2015-07-31,2018-06-30,"HINZC",165,138,1,2
"114","HELMERICH & PAYNE","HP",5581,"423452101",2010-03-31,2018-06-30,"HLMPYN",86,19,1,1
"115","HILTON WORLDWIDE HOLDINGS","HLT.1",5643,"432848109",2004-01-31,2007-09-30,"HILTON",161,0,1,2
"116","HOME DEPOT INC","HD",5680,"437076102",2004-01-31,2018-06-30,"HOMD",1455,570,1,15
"117","HORMEL FOODS CORP","HRL",5709,"440452100",2009-03-31,2018-06-30,"HORMG",176,98,1,2
"118","STARWOOD HOTELS&RESORTS WRLD","HOT",5723,"85590A401",2004-01-31,2016-08-31,"HOTINV",248,115,1,3
"119","CENTERPOINT ENERGY INC","CNP",5742,"15189T107",2004-01-31,2018-06-30,"HOUIND",282,78,1,3
"120","HUNT (JB) TRANSPRT SVCS INC","JBHT",5783,"445658107",2015-07-31,2018-06-30,"JBHT",21,5,1,1
"121","HUNTINGTON BANCSHARES","HBAN",5786,"446150104",2004-01-31,2018-06-30,"HUNBAN",269,79,1,3
"122","ILLINOIS TOOL WORKS","ITW",5878,"452308109",2004-01-31,2018-06-30,"ITW",400,141,1,4
"123","INGERSOLL-RAND PLC","IR",5959,"G47791101",2004-01-31,2018-06-30,"INGRAC",313,56,1,4
"124","INTL BUSINESS MACHINES CORP","IBM",6066,"459200101",2004-01-31,2018-06-30,"IBM",900,464,1,9
"125","INTL FLAVORS & FRAGRANCES","IFF",6078,"459506101",2004-01-31,2018-06-30,"IFLAV",109,10,1,2
"126","NAVISTAR INTERNATIONAL CORP","NAV",6081,"63934E108",2004-01-31,2006-11-30,"IHCGB",114,0,1,2
"127","INTL GAME TECHNOLOGY","IGT.1",6097,"459902102",2004-01-31,2014-05-31,"IGAM",133,28,1,2
"128","INTL PAPER CO","IP",6104,"460146103",2004-01-31,2018-06-30,"INTPAP",467,171,1,5
"129","INTERPUBLIC GROUP OF COS","IPG",6136,"460690100",2004-01-31,2018-06-30,"INTPUB",252,60,1,3
"130","JACOBS ENGINEERING GROUP INC","JEC",6216,"469814107",2007-10-31,2018-06-30,"JACINT",36,7,1,1
"131","JOHNSON & JOHNSON","JNJ",6266,"478160104",2004-01-31,2018-06-30,"JONJON",1127,585,1,12
"132","JOHNSON CONTROLS INTL PLC","JCI",6268,"G51502105",2004-01-31,2018-06-30,"HWLY",335,118,1,4
"133","SEARS HOLDINGS CORP","SHLD",6307,"812350106",2005-03-31,2012-08-31,"KMRT",357,76,1,4
"134","KINDER MORGAN INC","KMI.1",6310,"49455P101",2004-01-31,2007-04-30,"KNNG",123,0,1,2
"135","KINDER MORGAN INC","KMI",6310,"49456B101",2012-05-31,2018-06-30,"KNNG",262,176,1,3
"136","KANSAS CITY SOUTHERN","KSU",6335,"485170302",2013-05-31,2018-06-30,"KSU",138,56,1,2
"137","LAM RESEARCH CORP","LRCX",6565,"512807108",2012-06-30,2018-06-30,"LAMRES",75,28,1,1
"138","LEGGETT & PLATT INC","LEG",6649,"524660107",2004-01-31,2018-06-30,"LEGPLT",210,36,1,3
"139","LEGG MASON INC","LM",6653,"524901105",2006-04-30,2016-11-30,"LEMAW",525,132,1,6
"140","JEFFERIES FINANCIAL GRP INC","JEF",6682,"47233W109",2007-08-31,2018-06-30,"LEUC",89,37,1,1
"141","LILLY (ELI) & CO","LLY",6730,"532457108",2004-01-31,2018-06-30,"LILYE",641,301,1,7
"142","L BRANDS INC","LB",6733,"501797104",2004-01-31,2018-06-30,"LTDI",221,138,1,3
"143","LINCOLN NATIONAL CORP","LNC",6742,"534187109",2004-01-31,2018-06-30,"LINN",251,67,1,3
"144","KATE SPADE & CO","KATE",6768,"485865109",2004-01-31,2008-11-30,"LIZC",208,3,1,3
"145","LOCKHEED MARTIN CORP","LMT",6774,"539830109",2004-01-31,2018-06-30,"LCKHED",805,298,1,9
"146","RANGE RESOURCES CORP","RRC",6788,"75281A109",2007-12-31,2018-05-31,"LOMK",78,56,1,1
"147","LOWE'S COMPANIES INC","LOW",6829,"548661107",2004-01-31,2018-06-30,"LOWCO",456,204,1,5
"148","MARATHON OIL CORP","MRO",7017,"565849106",2004-01-31,2018-06-30,"USSTEL",437,161,1,5
"149","HOST HOTELS & RESORTS INC","HST",7063,"44107P104",2007-03-31,2018-06-30,"MARIOT",165,88,1,2
"150","MARSH & MCLENNAN COS","MMC",7065,"571748102",2004-01-31,2018-06-30,"MM",356,73,1,4
"151","MARSHALL & ILSLEY CORP","MI.1",7067,"571837103",2004-01-31,2011-06-30,"MRIS",189,32,1,2
"152","MAY DEPARTMENT STORES CO","MAY.2",7127,"577778103",2004-01-31,2005-07-31,"MAYDS",101,0,1,2
"153","MCCORMICK & CO INC","MKC",7146,"579780206",2004-01-31,2018-06-30,"MCORMK",164,27,1,2
"154","S&P GLOBAL INC","SPGI",7163,"78409V104",2004-01-31,2018-06-30,"MCGRWH",332,163,1,4
"155","MEDCO HEALTH SOLUTIONS INC","MHS",7186,"58405U102",2004-01-31,2012-03-31,"MEDHTH",222,48,1,3
"156","MELLON FINANCIAL CORP","MEL.3",7238,"58551A108",2004-01-31,2007-06-30,"MNBP",134,0,1,2
"157","CVS HEALTH CORP","CVS",7241,"126650100",2004-01-31,2018-06-30,"MVILLE",212,142,1,3
"158","MERCK & CO","MRK",7257,"58933Y105",2004-01-31,2018-06-30,"SCHPLO",431,326,1,5
"159","MERRILL LYNCH & CO INC","MER",7267,"590188108",2004-01-31,2008-12-31,"MERLY",728,19,1,8
"160","MICRON TECHNOLOGY INC","MU",7343,"595112103",2004-01-31,2018-06-30,"MICT",507,194,1,6
"161","MOTOROLA SOLUTIONS INC","MSI",7585,"620076307",2004-01-31,2018-06-30,"MTROL",146,84,1,2
"162","MURPHY OIL CORP","MUR",7620,"626717102",2005-08-31,2017-06-30,"MURP",227,81,1,3
"163","MYLAN NV","MYL",7637,"N59465109",2004-04-30,2018-06-30,"MYLN",658,223,1,7
"164","BANK OF AMERICA CORP","BAC",7647,"060505104",2004-01-31,2018-06-30,"NCNBCO",3447,1931,1,35
"165","NATIONAL CITY CORP","NCC",7711,"635405103",2004-01-31,2008-12-31,"NATCOR",208,15,1,3
"166","TENET HEALTHCARE CORP","THC",7750,"88033G407",2004-01-31,2016-03-31,"NME",449,86,1,5
"167","NATIONAL SEMICONDUCTOR CORP","NSM.2",7772,"637640103",2004-01-31,2011-08-31,"NATSMC",187,31,1,2
"168","NEW YORK TIMES CO  -CL A","NYT",7866,"650111107",2004-01-31,2010-11-30,"NYT",433,38,1,5
"169","NEWELL BRANDS INC","NWL",7875,"651229106",2004-01-31,2018-06-30,"NWL",450,106,1,5
"170","NEWMONT MINING CORP","NEM",7881,"651639106",2004-01-31,2018-06-30,"NEWMNT",393,117,1,4
"171","NOBLE ENERGY INC","NBL",7912,"655044105",2007-10-31,2018-06-30,"NOBAFF",201,111,1,3
"172","NORFOLK SOUTHERN CORP","NSC",7923,"655844108",2004-01-31,2018-06-30,"NRFWST",485,219,1,5
"173","EVERSOURCE ENERGY","ES",7970,"30040W108",2009-03-31,2018-06-30,"NEUTS",93,35,1,1
"174","XCEL ENERGY INC","XEL",7977,"98389B100",2004-01-31,2018-06-30,"NORSPW",253,88,1,3
"175","NORTHERN TRUST CORP","NTRS",7982,"665859104",2004-01-31,2018-06-30,"NRTHNT",331,78,1,4
"176","NORTHROP GRUMMAN CORP","NOC",7985,"666807102",2004-01-31,2018-06-30,"NRTHRP",562,168,1,6
"177","WELLS FARGO & CO","WFC",8007,"949746101",2004-01-31,2018-06-30,"NWBC",900,641,1,9
"178","OCCIDENTAL PETROLEUM CORP","OXY",8068,"674599105",2004-01-31,2018-06-30,"OCCID",368,131,1,4
"179","PNC FINANCIAL SVCS GROUP INC","PNC",8245,"693475105",2004-01-31,2018-06-30,"PITNAT",323,131,1,4
"180","PPG INDUSTRIES INC","PPG",8247,"693506107",2004-01-31,2018-06-30,"PPG",237,101,1,3
"181","PG&E CORP","PCG",8264,"69331C108",2004-01-31,2018-06-30,"PGASEL",552,177,1,6
"182","SEMPRA ENERGY","SRE",8272,"816851109",2004-01-31,2018-06-30,"SMPEGY",372,184,1,4
"183","PENNEY (J C) CO","JCP",8446,"708160106",2004-01-31,2013-11-30,"PENYJC",503,194,1,6
"184","APPLIED BIOSYSTEMS INC","ABI.3",8488,"038149100",2004-01-31,2008-10-31,"PRKELM",74,2,1,1
"185","PHELPS DODGE CORP","PD",8536,"717265102",2004-01-31,2007-02-28,"PDC",267,0,1,3
"186","ALTRIA GROUP INC","MO",8543,"02209S103",2004-01-31,2018-06-30,"PHILM",485,129,1,5
"187","PITNEY BOWES INC","PBI",8606,"724479100",2004-01-31,2017-02-28,"PITBOW",238,57,1,3
"188","PEPCO HOLDINGS INC","POM",8694,"713291102",2007-11-30,2016-02-29,"POTO",110,54,1,2
"189","PRECISION CASTPARTS CORP","PCP",8717,"740189105",2007-06-30,2016-01-31,"PCST",146,106,1,2
"190","PROCTER & GAMBLE CO","PG",8762,"742718109",2004-01-31,2018-06-30,"PRGML",1169,570,1,12
"191","ARCHSTONE INC-REDH","ASN.1",8787,"039583109",2004-12-31,2007-09-30,"PTRAS",49,0,1,1
"192","PUBLIC SERVICE ENTRP GRP INC","PEG",8810,"744573106",2004-01-31,2018-06-30,"PUBSEL",249,148,1,3
"193","RAYMOND JAMES FINANCIAL CORP","RJF",8898,"754730109",2017-03-31,2018-06-30,"RJFIN",10,0,1,1
"194","REEBOK INTERNATIONAL LTD","RBK",9004,"758110100",2004-01-31,2006-01-31,"REEBK",53,0,1,1
"195","ROCKWELL AUTOMATION","ROK",9203,"773903109",2004-01-31,2018-06-30,"RCKWL",318,112,1,4
"196","ROHM AND HAAS CO","ROH",9217,"775371107",2004-01-31,2009-03-31,"ROHA",192,7,1,2
"197","ROSS STORES INC","ROST",9248,"778296103",2009-12-31,2018-06-30,"ROSTI",180,129,1,2
"198","ROWAN COMPANIES PLC","RDC",9258,"G7665A101",2004-01-31,2014-07-31,"RWANC",137,33,1,2
"199","RYDER SYSTEM INC","R",9299,"783549108",2004-01-31,2017-05-31,"RYDSYS",213,54,1,3
"200","ST JUDE MEDICAL INC","STJ",9372,"790849103",2004-01-31,2016-12-31,"STJM",455,206,1,5
"201","HILLSHIRE BRANDS CO","HSH",9411,"432589109",2004-01-31,2012-05-31,"CONFOD",495,127,1,5
"202","SCHLUMBERGER LTD","SLB",9465,"806857108",2004-01-31,2018-06-30,"SLUMB",648,238,1,7
"203","SEALED AIR CORP","SEE",9555,"81211K100",2004-01-31,2018-06-30,"WRGRCE",299,152,1,3
"204","SMITH (A O) CORP","AOS",9771,"831865209",2017-07-31,2018-06-30,"AOSM",8,0,1,1
"205","SMITH INTERNATIONAL INC","SII",9772,"832110100",2006-10-31,2010-07-31,"SMITHI",27,7,1,1
"206","SMUCKER (JM) CO","SJM",9777,"832696405",2008-11-30,2018-06-30,"SMCKR",233,110,1,3
"207","EDISON INTERNATIONAL","EIX",9846,"281020107",2004-01-31,2018-06-30,"SOUCED",244,82,1,3
"208","SOUTHWEST AIRLINES","LUV",9882,"844741108",2004-01-31,2018-06-30,"SWAIRL",592,160,1,6
"209","SOUTHWESTERN ENERGY CO","SWN",9904,"845467109",2008-06-30,2017-03-31,"SWENPO",94,59,1,1
"210","STANLEY BLACK & DECKER INC","SWK",10016,"854502101",2004-01-31,2018-06-30,"STANWO",226,111,1,3
"211","STATE STREET CORP","STT",10035,"857477103",2004-01-31,2018-06-30,"SSBT",718,157,1,8
"212","PUBLIC STORAGE","PSA",10096,"74460D109",2005-08-31,2018-06-30,"SEQ",90,41,1,1
"213","SUNTRUST BANKS INC","STI",10187,"867914103",2004-01-31,2018-06-30,"SUNFLA",309,125,1,4
"214","SYMBOL TECHNOLOGIES","SBL.2",10232,"871508107",2004-01-31,2006-12-31,"SMBL",111,0,1,2
"215","TECO ENERGY INC","TE",10277,"872375100",2004-01-31,2016-06-30,"TECOE",170,43,1,2
"216","RS LEGACY CORP","RSHCQ",10332,"74979E101",2004-01-31,2011-06-30,"TANDIE",420,49,1,5
"217","ALLEGHENY TECHNOLOGIES INC","ATI",10405,"01741R102",2004-01-31,2015-06-30,"ALGTLD",185,31,1,2
"218","TEXAS INSTRUMENTS INC","TXN",10499,"882508104",2004-01-31,2018-06-30,"TXSIL",900,325,1,9
"219","ENERGY FUTURE HOLDINGS CORP","TXU",10507,"873168108",2004-01-31,2007-09-30,"TXUTL",324,0,1,4
"220","THERMO FISHER SCIENTIFIC INC","TMO",10530,"883556102",2004-01-31,2018-06-30,"THRMEL",241,87,1,3
"221","THOMAS & BETTS CORP","TNB",10540,"884315102",2004-01-31,2004-07-31,"TOMBET",10,0,1,1
"222","TOTAL SYSTEM SERVICES INC","TSS",10631,"891906109",2008-01-31,2018-06-30,"TOTSS",52,20,1,1
"223","TOYS R US INC","TOY",10639,"892335100",2004-01-31,2005-06-30,"TOYRUS",111,0,1,2
"224","TRIBUNE MEDIA CO","TRB",10726,"896047107",2004-01-31,2007-11-30,"TRBNE",298,0,1,3
"225","TYSON FOODS INC  -CL A","TSN",10793,"902494103",2005-08-31,2018-06-30,"TYSF",712,290,1,8
"226","UNITED CONTINENTAL HLDGS INC","UAL",10795,"910047109",2015-09-30,2018-06-30,"UAL",132,109,1,2
"227","UNION PACIFIC CORP","UNP",10867,"907818108",2004-01-31,2018-06-30,"UNPACF",508,174,1,6
"228","UNION PLANTERS CORP","UPC.",10868,"908068109",2004-01-31,2004-06-30,"UPCM",3,0,1,1
"229","UNITEDHEALTH GROUP INC","UNH",10903,"91324P102",2004-01-31,2018-06-30,"UHELC",711,323,1,8
"230","UNITED PARCEL SERVICE INC","UPS",10920,"911312106",2004-01-31,2018-06-30,"UPSER",568,273,1,6
"231","UNITED TECHNOLOGIES CORP","UTX",10983,"913017109",2004-01-31,2018-06-30,"UTC",972,450,1,10
"232","UNIVERSAL HEALTH SVCS INC","UHS",11032,"913903100",2014-09-30,2018-06-30,"UHSIB",41,13,1,1
"233","VARIAN MEDICAL SYSTEMS INC","VAR",11115,"92220P105",2007-02-28,2018-06-30,"VARAS",79,21,1,1
"234","VORNADO REALTY TRUST","VNO",11220,"929042109",2005-08-31,2018-06-30,"VNO",238,120,1,3
"235","VULCAN MATERIALS CO","VMC",11228,"929160109",2004-01-31,2018-06-30,"BATCH",211,34,1,3
"236","WALGREENS BOOTS ALLIANCE INC","WBA",11264,"931427108",2004-01-31,2018-06-30,"WLGRN",910,589,1,10
"237","GRAHAM HOLDINGS CO","GHC",11300,"384637104",2007-12-31,2014-08-31,"WSHPST",186,127,1,2
"238","WESTERN DIGITAL CORP","WDC",11399,"958102105",2009-07-31,2018-06-30,"WSTDGT",250,136,1,3
"239","WILLIAMS COS INC","WMB",11506,"969457100",2004-01-31,2018-06-30,"WLMSCO",252,81,1,3
"240","WINN-DIXIE STORES INC","WNDXQ",11535,"974280109",2004-01-31,2004-11-30,"WINDXI",29,0,1,1
"241","WEC ENERGY GROUP INC","WEC",11550,"92939U106",2008-10-31,2018-06-30,"WISCEL",144,14,1,2
"242","ALLIANT ENERGY CORP","LNT",11554,"018802108",2016-07-31,2018-06-30,"WPL",27,3,1,1
"243","INTEGRYS HOLDING INC","TEG",11555,"45822P105",2007-02-28,2015-06-30,"WPSRSS",37,6,1,1
"244","FOOT LOCKER INC","FL",11584,"344849104",2016-04-30,2018-06-30,"WLTH",51,17,1,1
"245","WORTHINGTON INDUSTRIES","WOR",11600,"981811102",2004-01-31,2004-11-30,"WTHG",17,0,1,1
"246","WRIGLEY (WM) JR CO","WWY",11609,"982526105",2004-01-31,2008-09-30,"WRGLY",94,0,1,1
"247","TJX COMPANIES INC","TJX",11672,"872540109",2004-01-31,2018-06-30,"ZY",395,134,1,4
"248","ZIONS BANCORPORATION","ZION",11687,"989701107",2004-01-31,2018-06-30,"ZION",289,88,1,3
"249","BEAR STEARNS COMPANIES INC","BSC.1",11818,"073902108",2004-01-31,2008-05-31,"BERSTN",363,11,1,4
"250","ANADARKO PETROLEUM CORP","APC",11923,"032511107",2004-01-31,2018-06-30,"ANADP",384,157,1,4
"251","NOBLE CORP PLC","NE",11925,"G65431101",2004-01-31,2015-06-30,"NBDRL",122,9,1,2
"252","EMC CORP/MA","EMC",12053,"268648102",2004-01-31,2016-08-31,"EMCORP",560,215,1,6
"253","BIG LOTS INC","BIG",12123,"089302103",2004-01-31,2013-01-31,"COSTC",196,48,1,2
"254","MORGAN STANLEY","MS",12124,"617446448",2004-01-31,2018-06-30,"DWITD",3974,1841,1,40
"255","SUN MICROSYSTEMS INC","JAVA",12136,"866810203",2004-01-31,2009-12-31,"SUNMIC",431,31,1,5
"256","PRICE (T. ROWE) GROUP","TROW",12138,"74144T108",2004-01-31,2018-06-30,"ROWPRI",205,85,1,3
"257","SUNGARD DATA SYSTEMS INC","SDS.2",12144,"867363103",2004-01-31,2005-07-31,"SUNGDS",35,0,1,1
"258","LINEAR TECHNOLOGY CORP","LLTC",12216,"535678106",2004-01-31,2017-02-28,"LINTEC",123,35,1,2
"259","HEALTH MANAGEMENT ASSOC","HMA",12338,"421933102",2004-01-31,2007-02-28,"HMANAS",73,0,1,1
"260","HARLEY-DAVIDSON INC","HOG",12389,"412822108",2004-01-31,2018-06-30,"HDAV",566,212,1,6
"261","ALTICE USA INC","CVC",12485,"12686C109",2010-12-31,2016-05-31,"CABSY",90,87,1,1
"262","ADOBE SYSTEMS INC","ADBE",12540,"00724F101",2004-01-31,2018-06-30,"ADOSY",496,207,1,5
"263","UNUM GROUP","UNM",12726,"91529Y106",2004-01-31,2018-06-30,"UMLA",241,41,1,3
"264","COCA-COLA EUROPEAN PARTNERS","CCE",12756,"G25839104",2004-01-31,2016-04-30,"COCEPS",496,116,1,5
"265","HARMAN INTERNATIONAL INDS","HAR",12788,"413086109",2006-02-28,2017-02-28,"HARINT",94,39,1,1
"266","COMVERSE TECHNOLOGY INC","CMVT",12884,"205862402",2004-01-31,2007-01-31,"COMVTC",61,0,1,1
"267","TWENTY-FIRST CENTURY FOX INC","FOXA",12886,"90130A101",2004-12-31,2018-06-30,"NEWSC",1022,488,1,11
"268","TWENTY-FIRST CENTURY FOX INC","FOX",12886,"90130A200",2015-09-30,2018-06-30,"NEWSC",127,69,1,2
"269","KRAFT FOODS GROUP INC","KRFT",12978,"50076Q106",2012-10-31,2015-06-30,"KFGIZ",68,81,1,1
"270","JOY GLOBAL INC","JOY",13003,"481165108",2011-02-28,2015-09-30,"HARNSH",75,74,1,1
"271","SYNOVUS FINANCIAL CORP","SNV",13041,"87161C501",2004-01-31,2007-12-31,"CBTB",42,0,1,1
"272","FISHER SCIENTIFIC INTL INC","FSH.2",13204,"338032204",2004-08-31,2006-10-31,"FISHSC",51,0,1,1
"273","PROGRESSIVE CORP-OHIO","PGR",13341,"743315103",2004-01-31,2018-06-30,"PROCO",320,95,1,4
"274","BARR PHARMACEUTICALS INC","BRL",13365,"068306109",2006-02-28,2008-11-30,"BARLAB",59,3,1,1
"275","CADENCE DESIGN SYSTEMS INC","CDNS",13421,"127387108",2017-09-30,2018-06-30,"ECADUS",4,0,1,1
"276","LEVEL 3 COMMUNICATIONS INC","LVLT",13440,"52729N308",2014-11-30,2017-09-30,"LVLTCM",39,21,1,1
"277","CARNIVAL CORP/PLC (USA)","CCL",13498,"143658300",2004-01-31,2018-06-30,"CRNIVL",587,201,1,6
"278","DUKE REALTY CORP","DRE",13510,"264411505",2017-07-31,2018-06-30,"DUKRIV",18,7,1,1
"279","TIFFANY & CO","TIF",13646,"886547108",2004-01-31,2018-06-30,"TFANY",460,165,1,5
"280","DENTSPLY SIRONA INC","XRAY",13700,"24906P109",2008-11-30,2018-06-30,"GDXC",60,27,1,1
"281","SCHWAB (CHARLES) CORP","SCHW",13988,"808513105",2004-01-31,2018-06-30,"SCHWAB",565,199,1,6
"282","MAXIM INTEGRATED PRODUCTS","MXIM",14256,"57772K101",2004-01-31,2007-08-31,"MXPROD",74,0,1,1
"283","PIONEER NATURAL RESOURCES CO","PXD",14359,"723787107",2008-09-30,2018-06-30,"PARPAR",123,53,1,2
"284","MGM RESORTS INTERNATIONAL","MGM",14418,"552953101",2017-07-31,2018-06-30,"MGMG",17,5,1,1
"285","WASTE MANAGEMENT INC","WM",14477,"94106L109",2004-01-31,2018-06-30,"USAWAS",238,61,1,3
"286","DELL TECHNOLOGIES INC","DELL",14489,"24702R101",2004-01-31,2013-09-30,"PCLTD",1796,874,1,18
"287","EW SCRIPPS  -CL A","SSP",14535,"811054402",2005-12-31,2008-06-30,"SCRIPE",67,1,1,1
"288","AMERICAN POWER CONVERSION CP","APCC.",14565,"029066107",2004-01-31,2007-01-31,"AMPCC",47,0,1,1
"289","NOVELLUS SYSTEMS INC","NVLS.",14623,"670008101",2004-01-31,2012-05-31,"NOVSYS",200,46,1,2
"290","OFFICE DEPOT INC","ODP",14624,"676220106",2004-01-31,2010-11-30,"OFFCD",282,38,1,3
"291","BMC SOFTWARE INC","BMC",14650,"055921100",2004-01-31,2013-08-31,"BMCSFT",231,77,1,3
"292","CINCINNATI FINANCIAL CORP","CINF",14824,"172062101",2004-01-31,2018-06-30,"CINFIN",179,20,1,2
"293","DEVON ENERGY CORP","DVN",14934,"25179M103",2004-01-31,2018-06-30,"DEVEN",313,125,1,4
"294","LABORATORY CP OF AMER HLDGS","LH",14960,"50540R409",2004-11-30,2018-06-30,"NHLABS",130,59,1,2
"295","BURLINGTON RESOURCES INC","BR.2",15084,"122014103",2004-01-31,2006-03-31,"BURLRE",48,0,1,1
"296","NORTH FORK BANCORPORATION","NFB",15202,"659424105",2004-01-31,2006-11-30,"NFCB",59,0,1,1
"297","FEDERAL HOME LOAN MORTG CORP","FMCC",15208,"313400301",2004-01-31,2008-08-31,"FREDDY",730,57,1,8
"298","VALERO ENERGY CORP","VLO",15247,"91913Y100",2004-04-30,2018-06-30,"VLRNGY",550,195,1,6
"299","SIGNET JEWELERS LTD","SIG",15520,"G81276100",2015-07-31,2018-02-28,"RTNR",54,30,1,1
"300","PLUM CREEK TIMBER CO INC","PCL",15709,"729251108",2004-01-31,2016-01-31,"PLUMCT",110,35,1,2
"301","PEOPLE'S UNITED FINL INC","PBCT",16245,"712704105",2008-11-30,2018-06-30,"PBRDGE",63,10,1,1
"302","EOG RESOURCES INC","EOG",16478,"26875P101",2004-01-31,2018-06-30,"ENOG",206,83,1,3
"303","ELECTRONIC ARTS INC","EA",16721,"285512109",2004-01-31,2018-06-30,"ELARTS",608,197,1,7
"304","CHARTER ONE FINANCIAL INC","CF.6",16751,"160903100",2004-01-31,2004-08-31,"FFSBCL",12,0,1,1
"305","COMMERCE BANCORP INC/NJ","CBH.1",16784,"200519106",2006-06-30,2008-02-29,"COBANJ",11,0,1,1
"306","SVB FINANCIAL GROUP","SIVB",17120,"78486Q101",2018-03-31,2018-06-30,"SILVBS",2,0,1,1
"307","SANTANDER HOLDINGS USA INC","SOV",17130,"845905108",2004-07-31,2008-12-31,"SOVBAN",170,4,1,2
"308","IQVIA HOLDINGS INC","IQV",17928,"46266C105",2017-08-31,2018-06-30,"QUINTL",1,0,1,1
"309","CAESARS ENTERTAINMENT CORP","HET.",20423,"413619107",2004-01-31,2007-12-31,"PRMUS",135,0,1,2
"310","CABOT OIL & GAS CORP","COG",20548,"127097103",2008-06-30,2018-06-30,"CBOTOL",110,42,1,2
"311","DENBURY RESOURCES INC","DNR",20653,"247916208",2009-04-30,2015-02-28,"NWSCOP",61,30,1,1
"312","SYNCHRONY FINANCIAL","SYF",20686,"87165B103",2015-11-30,2018-06-30,"PTWAGK",67,25,1,1
"313","CISCO SYSTEMS INC","CSCO",20779,"17275R102",2004-01-31,2018-06-30,"CISCOS",892,349,1,9
"314","CITIZENS FINANCIAL GROUP INC","CFG",21825,"174610105",2016-02-29,2018-06-30,"CSBRI",67,36,1,1
"315","ALLIED WASTE INDUSTRIES INC","AW",22140,"019589308",2004-01-31,2008-11-30,"ALWAS",84,1,1,1
"316","HCA HEALTHCARE INC","HCA.2",22260,"404119109",2004-01-31,2006-10-31,"COLHSP",288,0,1,3
"317","HCA HEALTHCARE INC","HCA",22260,"40412C101",2015-01-31,2018-06-30,"COLHSP",85,57,1,1
"318","BJ SERVICES CO","BJS.1",22794,"055482103",2004-01-31,2010-03-31,"BJSER",144,26,1,2
"319","REGENERON PHARMACEUTICALS","REGN",23812,"75886F107",2013-05-31,2018-06-30,"REGPH",81,40,1,1
"320","COLUMBIA PIPELINE GROUP INC","CPGX",23827,"198280109",2015-07-31,2016-06-30,"NIGTAS",17,14,1,1
"321","COVENTRY HEALTH CARE INC","CVH",23877,"222862104",2005-08-31,2013-04-30,"GHPI",105,46,1,2
"322","UNITED STATES STEEL CORP","X",23978,"912909108",2004-01-31,2014-06-30,"USXMAR",134,13,1,2
"323","IDEXX LABS INC","IDXX",24197,"45168D104",2017-01-31,2018-06-30,"IDEXXC",12,0,1,1
"324","AMBAC FINANCIAL GROUP INC","ABKFQ",24287,"023139108",2004-01-31,2008-05-31,"AMBAIC",114,8,1,2
"325","MONSTER BEVERAGE CORP","MNST",24316,"61174X109",2012-06-30,2018-06-30,"FSPSI",159,70,1,2
"326","XL GROUP LTD","XL",24318,"G98294104",2004-01-31,2018-06-30,"XLINS",118,20,1,2
"327","VERTEX PHARMACEUTICALS INC","VRTX",24344,"92532F100",2013-09-30,2018-06-30,"VERPHA",58,24,1,1
"328","MGIC INVESTMENT CORP/WI","MTG",24379,"552848103",2004-01-31,2008-09-30,"MGIC",103,2,1,2
"329","MANOR CARE INC","HCR",24607,"564055101",2004-01-31,2007-10-31,"HCRXI",61,0,1,1
"330","PAYPAL HOLDINGS INC","PYPL",24616,"70450Y103",2015-07-31,2018-06-30,"XCMCRP",96,89,1,1
"331","KIMCO REALTY CORP","KIM",24731,"49446R109",2006-04-30,2018-06-30,"KMCOR",158,44,1,2
"332","PERRIGO CO PLC","PRGO",24782,"G97822103",2011-12-31,2018-06-30,"PERRGO",83,31,1,1
"333","GILEAD SCIENCES INC","GILD",24856,"375558103",2004-07-31,2018-06-30,"GILSCI",405,186,1,5
"334","NEXTEL COMMUNICATIONS INC","NXTL",24870,"65332V103",2004-01-31,2005-07-31,"FLTCLL",91,0,1,1
"335","WHOLE FOODS MARKET INC","WFM",24893,"966837106",2006-01-31,2017-07-31,"WHOFOO",371,224,1,4
"336","ROPER TECHNOLOGIES INC","ROP",24925,"776696106",2009-12-31,2018-06-30,"ROPIND",88,21,1,1
"337","TIME WARNER INC","TWX",25056,"887317303",2004-01-31,2018-05-31,"AMRONL",606,214,1,7
"338","MOHAWK INDUSTRIES INC","MHK",25119,"608190104",2013-12-31,2018-06-30,"MOHIN",44,20,1,1
"339","FIRST DATA CORP","FDC.2",25157,"319963104",2004-01-31,2007-08-31,"FDATC",190,0,1,2
"340","BOSTON SCIENTIFIC CORP","BSX",25279,"101137107",2004-01-31,2018-06-30,"BOSTS",867,278,1,9
"341","BED BATH & BEYOND INC","BBBY",25338,"075896100",2004-01-31,2017-06-30,"BEDBAB",455,190,1,5
"342","D R HORTON INC","DHI",25340,"23331A109",2005-07-31,2018-06-30,"DRHRTN",475,161,1,5
"343","EXPRESS SCRIPTS HOLDING CO","ESRX",25356,"30219G108",2004-01-31,2018-06-30,"EXPSCR",585,296,1,6
"344","PATTERSON COMPANIES INC","PDCO",25880,"703395103",2005-10-31,2018-02-28,"PATDET",66,27,1,1
"345","IAC/INTERACTIVECORP","IAC",26061,"44919P508",2006-12-31,2008-07-31,"SILKI",51,4,1,1
"346","HEWLETT PACKARD ENTERPRISE","HPE",26156,"42824C109",2015-11-30,2018-06-30,"HPNTRZ",91,74,1,1
"347","CHESAPEAKE ENERGY CORP","CHK",27786,"165167107",2006-03-31,2018-02-28,"CHSPKE",485,356,1,5
"348","MICROCHIP TECHNOLOGY INC","MCHP",27965,"595017104",2007-09-30,2018-06-30,"MICCHP",122,54,1,2
"349","FOSSIL GROUP INC","FOSL",28118,"34988V106",2012-04-30,2015-12-31,"FOSSIL",79,48,1,1
"350","O'REILLY AUTOMOTIVE INC","ORLY",28180,"67103H107",2009-03-31,2018-06-30,"ORELAU",129,62,1,2
"351","ROYAL CARIBBEAN CRUISES LTD","RCL",28191,"V7780T103",2014-12-31,2018-06-30,"RCCL",47,12,1,1
"352","XTO ENERGY INC","XTO",28256,"98385X106",2004-12-31,2010-05-31,"CTIMB",76,9,1,1
"353","FLIR SYSTEMS INC","FLIR",28477,"302445101",2009-01-31,2018-06-30,"FLIR",73,26,1,1
"354","EQUITY RESIDENTIAL","EQR",28733,"29476L107",2004-01-31,2018-06-30,"EQIPRO",209,56,1,3
"355","KEURIG DR PEPPER INC","GMCR",28877,"49271M100",2014-03-31,2016-02-29,"GMCR",126,57,1,2
"356","MARRIOTT INTL INC","MAR",28930,"571903202",2004-01-31,2018-06-30,"SDHMRT",327,161,1,4
"357","COSTCO WHOLESALE CORP","COST",29028,"22160K105",2004-01-31,2018-06-30,"PCLB",435,246,1,5
"358","MERCURY INTERACTIVE CORP","MERQ",29095,"589405109",2004-01-31,2005-12-31,"MERCSF",77,0,1,1
"359","REGENCY CENTERS CORP","REG",29099,"758849103",2017-03-31,2018-06-30,"RGRC",14,3,1,1
"360","URBAN OUTFITTERS INC","URBN",29150,"917047102",2010-02-28,2017-02-28,"URBANO",190,93,1,2
"361","NEWFIELD EXPLORATION CO","NFX",29173,"651290108",2010-12-31,2018-06-30,"NFEXPL",50,5,1,1
"362","VIAVI SOLUTIONS INC","VIAV",29241,"925550105",2004-01-31,2013-11-30,"UNPHSE",204,36,1,3
"363","VERITAS SOFTWARE CORP","VRTS.",29356,"923436109",2004-01-31,2005-06-30,"TOLSY",86,0,1,1
"364","SIMON PROPERTY GROUP INC","SPG",29389,"828806109",2004-01-31,2018-06-30,"SIMPO",296,134,1,3
"365","EASTMAN CHEMICAL CO","EMN",29392,"277432100",2004-01-31,2018-06-30,"EASCH",303,107,1,4
"366","MID-AMERICA APT CMNTYS INC","MAA",29649,"59522J103",2016-12-31,2018-06-30,"MIDAAP",6,0,1,1
"367","MARTIN MARIETTA MATERIALS","MLM",29733,"573284106",2014-07-31,2018-06-30,"MMATR",45,9,1,1
"368","TRACTOR SUPPLY CO","TSCO",29736,"892356106",2014-01-31,2018-06-30,"TRACSU",44,12,1,1
"369","AVALONBAY COMMUNITIES INC","AVB",29875,"053484101",2007-01-31,2018-06-30,"BAYAPC",87,44,1,1
"370","AK STEEL HOLDING CORP","AKS",29968,"001547108",2008-07-31,2011-11-30,"ARMCOS",37,19,1,1
"371","LEHMAN BROTHERS HOLDINGS INC","LEHMQ",30128,"524908100",2004-01-31,2008-08-31,"LEHBRO",405,25,1,5
"372","NEKTAR THERAPEUTICS","NKTR",30137,"640268108",2018-03-31,2018-06-30,"INHTHP",2,0,1,1
"373","ESSEX PROPERTY TRUST","ESS",30293,"297178105",2014-04-30,2018-06-30,"ESXPRO",18,7,1,1
"374","APARTMENT INVST & MGMT CO","AIV",30490,"03748R101",2004-01-31,2018-06-30,"APINV",82,23,1,1
"375","AFFILIATED COMPUTER SERVICES","ACS",30697,"008190100",2004-04-30,2010-01-31,"AFFCM",115,3,1,2
"376","REALTY INCOME CORP","O",30822,"756109104",2015-04-30,2018-06-30,"RTZYIC",121,30,1,2
"377","CAPITAL ONE FINANCIAL CORP","COF",30990,"14040H105",2004-01-31,2018-06-30,"CPTONE",453,202,1,5
"378","APOLLO EDUCATION GROUP INC","APOL",31122,"037604105",2004-01-31,2013-06-30,"APPGRO",2,0,1,1
"379","CAREMARK RX INC","CMX.1",31549,"141705103",2004-03-31,2007-02-28,"MDPART",137,0,1,2
"380","DOLLAR TREE INC","DLTR",31587,"256746108",2011-12-31,2018-06-30,"DOLTRE",193,149,1,2
"381","BRIGHTHOUSE FINANL INC","BHF",31774,"10922N103",2017-08-31,2018-06-30,"BFFXOF",6,0,1,1
"382","DARDEN RESTAURANTS INC","DRI",31846,"237194105",2004-01-31,2018-06-30,"DRDNRS",476,143,1,5
"383","CAMERON INTERNATIONAL CORP","CAM",60894,"13342B105",2008-01-31,2016-03-31,"CPRCMR",45,32,1,1
"384","DISH NETWORK CORP","DISH",60900,"25470M109",2017-03-31,2018-06-30,"ECHOSP",24,6,1,1
"385","EVEREST RE GROUP LTD","RE",61388,"G3223R108",2017-06-30,2018-06-30,"PRREHO",11,1,1,1
"386","DIAMOND OFFSHRE DRILLING INC","DO",61409,"25271C102",2009-02-28,2016-09-30,"DIADRI",62,43,1,1
"387","SCHEIN (HENRY) INC","HSIC",61494,"806407102",2015-03-31,2018-06-30,"HNRSCH",42,11,1,1
"388","LEXMARK INTL INC  -CL A","LXK",61552,"529771107",2004-01-31,2012-09-30,"LEXMK",176,34,1,2
"389","LAUDER (ESTEE) COS INC -CL A","EL",61567,"518439104",2006-01-31,2018-06-30,"LAUDR",172,97,1,2
"390","CITRIX SYSTEMS INC","CTXS",61676,"177376100",2004-01-31,2018-06-30,"CITRXS",175,65,1,2
"391","HARTFORD FINANCIAL SERVICES","HIG",61739,"416515104",2004-01-31,2018-06-30,"ITTHE",304,121,1,4
"392","ALEXION PHARMACEUTICALS INC","ALXN",62263,"015351109",2012-05-31,2018-06-30,"ALEXPH",96,52,1,1
"393","IRON MOUNTAIN INC","IRM",62374,"46284V101",2009-01-31,2018-06-30,"PIELE",120,30,1,2
"394","LUCENT TECHNOLOGIES INC","LU",62599,"549463107",2004-01-31,2006-11-30,"LUCTI",231,0,1,3
"395","DEAN FOODS CO","DF",62655,"242370203",2006-04-30,2013-04-30,"SUZFOD",218,102,1,3
"396","TRAVELERS COS INC","TRV",62689,"89417E109",2004-01-31,2018-06-30,"STPAUL",198,61,1,2
"397","TUPPERWARE BRANDS CORP","TUP",62897,"899896104",2004-01-31,2004-02-29,"TUPCRP",0,0,1,0
"398","TITANIUM METALS CORP","TIE",62984,"888339207",2007-10-31,2012-11-30,"TITMET",14,4,1,1
"399","SIEBEL SYSTEMS INC","SEBL",63180,"826170102",2004-01-31,2006-01-31,"SBLSYS",170,0,1,2
"400","E TRADE FINANCIAL CORP","ETFC",63501,"269246401",2004-04-30,2018-06-30,"ETRADE",413,122,1,5
"401","ABERCROMBIE & FITCH  -CL A","ANF",63643,"002896207",2007-03-31,2013-11-30,"ABERFT",199,118,1,2
"402","ENDO INTERNATIONAL PLC","ENDP",63645,"G30401106",2015-01-31,2017-02-28,"ENDOPH",50,49,1,1
"403","UNIVISION COMMUNICATIONS INC","UVN.1",63669,"914906102",2004-01-31,2007-02-28,"UNVISI",105,0,1,2
"404","SABRE HOLDINGS CORP  -CL A","TSG.2",63766,"785905100",2004-01-31,2007-03-31,"SABREH",0,0,1,0
"405","IMS HEALTH HOLDINGS INC","RX",63800,"449934108",2004-01-31,2010-02-28,"CGNZNT",96,6,1,1
"406","NATIONAL OILWELL VARCO INC","NOV",63892,"637071101",2005-03-31,2018-06-30,"NATOL",169,65,1,2
"407","MONSTER WORLDWIDE INC","MWW",64156,"611742107",2004-01-31,2011-11-30,"TMPTM",173,17,1,2
"408","QUEST DIAGNOSTICS INC","DGX",64166,"74834L100",2004-01-31,2018-06-30,"QUDIAG",304,77,1,4
"409","TAKE-TWO INTERACTIVE SFTWR","TTWO",64630,"874054109",2018-03-31,2018-06-30,"TKTWSF",7,2,1,1
"410","ALEXANDRIA R E EQUITIES INC","ARE",64821,"015271109",2017-03-31,2018-06-30,"LXNDRI",24,2,1,1
"411","RALPH LAUREN CORP","RL",64891,"751212101",2007-02-28,2018-06-30,"RALURN",267,141,1,3
"412","BOSTON PROPERTIES INC","BXP",64925,"101121101",2006-04-30,2018-06-30,"BOPRO",138,68,1,2
"413","EQUITY OFFICE PROPERTIES TR","EOP",65048,"294741103",2004-01-31,2007-01-31,"EQOFPR",90,0,1,1
"414","SL GREEN REALTY CORP","SLG",65290,"78440X101",2015-03-31,2018-06-30,"SLGRRC",63,11,1,1
"415","AMERICAN CAPITAL LTD","ACAS",65345,"02503Y103",2007-07-31,2009-02-28,"AMRCAP",21,1,1,1
"416","YUM BRANDS INC","YUM",65417,"988498101",2004-01-31,2018-06-30,"TRCNGB",848,568,1,9
"417","C H ROBINSON WORLDWIDE INC","CHRW",65609,"12541W209",2007-03-31,2018-06-30,"ROBWWI",84,34,1,1
"418","METTLER-TOLEDO INTL INC","MTD",65772,"592688105",2016-09-30,2018-06-30,"METTOL",13,4,1,1
"419","AFFILIATED MANAGERS GRP INC","AMG",65886,"008252108",2014-07-31,2018-06-30,"AFFMAN",14,9,1,1
"420","APPLIED MICRO CIRCUITS CORP","AMCC",65904,"03822W406",2004-01-31,2006-04-30,"APMICR",43,0,1,1
"421","ENVISION HEALTHCARE CORP","EVHC",65967,"29414D100",2016-12-31,2018-06-30,"AMSURG",0,0,1,0
"422","UNITED RENTALS INC","URI",66065,"911363109",2014-09-30,2018-06-30,"URENT",66,12,1,1
"423","QUANTA SERVICES INC","PWR",66446,"74762E102",2009-07-31,2018-06-30,"QUTSRV",98,42,1,1
"424","FEDERATED INVESTORS INC","FII",66731,"314211103",2004-01-31,2012-12-31,"FEDINV",118,8,1,2
"425","NIELSEN HOLDINGS PLC","NLSN",100873,"G6518L108",2013-07-31,2018-06-30,"NLSNHB",39,3,1,1
"426","NORWEGIAN CRUISE LINE HLDGS","NCLH",104432,"G66721104",2017-10-31,2018-06-30,"KLSTRS",16,15,1,1
"427","AMERICAN TOWER CORP","AMT",105365,"03027X100",2007-11-30,2018-06-30,"AMTOWC",141,89,1,2
"428","L3 TECHNOLOGIES INC","LLL",110685,"502413107",2004-12-31,2018-06-30,"LTHCOM",203,48,1,3
"429","COGNIZANT TECH SOLUTIONS","CTSH",111864,"192446102",2006-11-30,2018-06-30,"CGNTCH",120,105,1,2
"430","REPUBLIC SERVICES INC","RSG",112168,"760759100",2008-12-31,2018-06-30,"RPBSRV",84,42,1,1
"431","CROWN CASTLE INTL CORP","CCI",113490,"22822V101",2012-03-31,2018-06-30,"CRWCAS",57,41,1,1
"432","GOLDMAN SACHS GROUP INC","GS",114628,"38141G104",2004-01-31,2018-06-30,"GLDMNS",1693,1058,1,17
"433","LIFE TECHNOLOGIES CORP","LIFE.",118577,"53217V109",2008-11-30,2013-12-31,"INVTGN",49,17,1,1
"434","BOOKING HOLDINGS INC","BKNG",119314,"09857L108",2009-11-30,2018-06-30,"PRCLN",235,202,1,3
"435","CNX RESOURCES CORPORATION","CNX",120093,"12653C108",2006-06-30,2016-02-29,"CONCOL",231,98,1,3
"436","REYNOLDS AMERICAN INC","RAI",120877,"761713106",2004-01-31,2017-06-30,"RJRTOB",369,270,1,4
"437","F5 NETWORKS INC","FFIV",121077,"315616102",2010-12-31,2018-06-30,"FFIVE",103,37,1,2
"438","SBA COMMUNICATIONS CORP","SBAC",121382,"78410G104",2017-09-30,2018-06-30,"SBACOM",5,1,1,1
"439","JUNIPER NETWORKS INC","JNPR",121718,"48203R104",2006-06-30,2018-06-30,"JUNNET",232,103,1,3
"440","HUDSON CITY BANCORP INC","HCBK",122015,"443683107",2007-02-28,2015-10-31,"HUDCIB",101,45,1,2
"441","RED HAT INC","RHT",122841,"756577102",2009-07-31,2018-06-30,"RHAT",152,65,1,2
"442","AKAMAI TECHNOLOGIES INC","AKAM",125595,"00971T101",2007-07-31,2018-06-30,"AKMT",127,59,1,2
"443","CHARTER COMMUNICATIONS INC","CHTR",126136,"16119P108",2016-09-30,2018-06-30,"CHCOMI",48,10,1,1
"444","EXPEDIA GROUP INC","EXPE",126296,"30212P303",2007-10-31,2018-06-30,"EXPDIA",364,242,1,4
"445","AGILENT TECHNOLOGIES INC","A",126554,"00846U101",2004-01-31,2018-06-30,"AGLTCH",260,96,1,3
"446","HANCOCK JOHN FINL SVCS INC","JHF",128659,"41014S106",2004-01-31,2004-03-31,"JNHNFN",4,0,1,1
"447","PACKAGING CORP OF AMERICA","PKG",128978,"695156109",2017-07-31,2018-06-30,"PKGCRP",13,0,1,1
"448","EDWARDS LIFESCIENCES CORP","EW",133366,"28176E108",2011-04-30,2018-06-30,"EDLFSC",205,79,1,3
"449","AT&T WIRELESS SERVICES INC","AWE.2",134845,"00209A106",2004-01-31,2004-09-30,"ATTWIR",42,0,1,1
"450","FRONTIER COMMUNICATIONS CORP","FTR",135484,"35906A306",2004-01-31,2017-02-28,"CIUT",167,34,1,2
"451","NRG ENERGY INC","NRG",135990,"629377508",2010-01-31,2018-06-30,"NRGENG",163,97,1,2
"452","INTUITIVE SURGICAL INC","ISRG",136725,"46120E602",2008-06-30,2018-06-30,"INSURG",163,130,1,2
"453","JANUS CAPITAL GROUP INC","JNS",137232,"47102X105",2004-01-31,2011-10-31,"STWFIN",193,24,1,2
"454","ALIGN TECHNOLOGY INC","ALGN",141384,"016255101",2017-06-30,2018-06-30,"ALIGNT",6,1,1,1
"455","MASSEY ENERGY CO","MEE",141400,"576206106",2008-06-30,2011-05-31,"FLRCO",116,37,1,2
"456","GLOBAL PAYMENTS INC","GPN",141913,"37940X102",2016-04-30,2018-06-30,"GLOPMT",26,5,1,1
"457","PEABODY ENERGY CORP","BTUUQ",142460,"704549203",2006-11-30,2014-08-31,"PBDY",139,78,1,2
"458","FMC TECHNOLOGIES INC","FTI.1",142811,"30249U101",2009-06-30,2016-12-31,"FMCTEC",53,21,1,1
"459","MONDELEZ INTERNATIONAL INC","MDLZ",142953,"609207105",2007-04-30,2018-06-30,"DK",491,328,1,5
"460","PRUDENTIAL FINANCIAL INC","PRU",143356,"744320102",2004-01-31,2018-06-30,"PRUINS",525,180,1,6
"461","ALLIANCE DATA SYSTEMS CORP","ADS",143974,"018581108",2013-12-31,2018-06-30,"ALLDSC",40,9,1,1
"462","WILLIS TOWERS WATSON PLC","WLTW",144009,"G96629103",2016-01-31,2018-06-30,"WILF",37,16,1,1
"463","ROCKWELL COLLINS INC","COL",144066,"774341101",2004-01-31,2018-06-30,"RKWLCL",341,101,1,4
"464","ZIMMER BIOMET HOLDINGS INC","ZBH",144559,"98956P102",2004-01-31,2018-06-30,"ZIMO",262,98,1,3
"465","PRINCIPAL FINANCIAL GRP INC","PFG",145701,"74251V102",2004-01-31,2018-06-30,"PMLIFE",292,79,1,3
"466","ADVANCE AUTO PARTS INC","AAP",145977,"00751Y106",2015-07-31,2018-06-30,"ADVPTS",54,15,1,1
"467","ACUITY BRANDS INC","AYI",146017,"00508Y102",2016-05-31,2018-05-31,"ACUITY",21,2,1,1
"468","TRANSDIGM GROUP INC","TDG",148349,"893641100",2016-06-30,2018-06-30,"TRANSD",19,0,1,1
"469","CME GROUP INC","CME",149070,"12572Q105",2006-08-31,2018-06-30,"CHMER",557,272,1,6
"470","WYNN RESORTS LTD","WYNN",149318,"983134107",2008-11-30,2018-06-30,"WYNNR",279,173,1,3
"471","CIT GROUP INC","CITGQ",149738,"125581108",2004-10-31,2009-06-30,"CITCIT",155,2,1,2
"472","CIMAREX ENERGY CO","XEC",150699,"171798101",2014-06-30,2018-06-30,"CIMENG",14,3,1,1
"473","SEAGATE TECHNOLOGY PLC","STX",150937,"G7945M107",2012-07-31,2018-06-30,"SEAGT",79,46,1,1
"474","QEP RESOURCES INC","QEP",154357,"74733V100",2010-07-31,2015-06-30,"QEPRES",44,17,1,1
"475","GENWORTH FINANCIAL INC","GNW",158354,"37247D106",2005-12-31,2015-10-31,"GENWTH",246,81,1,3
"476","METROPCS COMMUNICATIONS INC","PCS",160256,"591708102",2009-06-30,2013-04-30,"GENWIR",47,47,1,1
"477","EXTRA SPACE STORAGE INC","EXR",160479,"30225T102",2016-01-31,2018-06-30,"XTRSPS",28,4,1,1
"478","DIGITAL REALTY TRUST INC","DLR",160991,"253868103",2016-05-31,2018-06-30,"DGRLTR",8,0,1,1
"479","ALPHA NATURAL RESOURCES INC","ANRZQ",162448,"02076X102",2011-06-30,2012-09-30,"ALPNRL",19,8,1,1
"480","IHS MARKIT LTD","INFO",162906,"G47567105",2017-06-30,2018-06-30,"MARKIT",14,3,1,1
"481","INTERCONTINENTAL EXCHANGE","ICE",163610,"45866F104",2007-09-30,2018-06-30,"INTCE",279,177,1,3
"482","CF INDUSTRIES HOLDINGS INC","CF",163946,"125269100",2008-08-31,2018-06-30,"CFIND",96,60,1,1
"483","AMERIPRISE FINANCIAL INC","AMP",164708,"03076C106",2005-10-31,2018-06-30,"AMEXFA",139,52,1,2
"484","UNDER ARMOUR INC","UAA",165052,"904311107",2014-05-31,2018-06-30,"UNDARM",261,87,1,3
"485","UNDER ARMOUR INC","UA",165052,"904311206",2016-04-30,2018-06-30,"UNDARM",197,69,1,2
"486","LEIDOS HOLDINGS INC","LDOS",165123,"525327102",2009-12-31,2013-08-31,"SCIAPP",58,29,1,1
"487","CHIPOTLE MEXICAN GRILL INC","CMG",165914,"169656105",2011-04-30,2018-06-30,"CHIPMG",229,157,1,3
"488","FIDELITY NATIONAL INFO SVCS","FIS",165993,"31620M106",2006-11-30,2018-06-30,"CRTEGY",85,12,1,1
"489","NYSE EURONEXT","NYX",166451,"629491101",2007-10-31,2013-10-31,"NYSE",324,209,1,4
"490","PHILLIPS 66","PSX",170841,"718546104",2012-05-31,2018-06-30,"PHLCAP",444,154,1,5
"491","REALOGY HOLDINGS CORP","H.4",174022,"75605E100",2006-08-31,2007-03-31,"RLGYCP",17,0,1,1
"492","WINDSTREAM HOLDINGS INC","WIN",174490,"97382A309",2006-07-31,2015-03-31,"VALORT",142,59,1,2
"493","WYNDHAM DESTINATIONS INC","WYND",174729,"98310W108",2006-08-31,2018-04-30,"WYNWLD",165,44,1,2
"494","WESTERN UNION CO","WU",175263,"959802109",2006-10-31,2018-06-30,"WUFSI",257,110,1,3
"495","FIRST SOLAR INC","FSLR",175404,"336433107",2009-10-31,2017-02-28,"FSOLAR",246,148,1,3
"496","IPG PHOTONICS CORP","IPGP",175955,"44980X109",2018-03-31,2018-06-30,"IPGPH",1,1,1,1
"497","SPECTRA ENERGY CORP","SE.7",176282,"847560109",2007-01-31,2017-01-31,"SPTRAE",151,65,1,2
"498","TIME WARNER CABLE INC","TWC",176404,"88732J207",2009-03-31,2016-04-30,"TWCAB",346,346,1,4
"499","TE CONNECTIVITY LTD","TEL",177267,"H84989104",2007-07-31,2018-06-30,"TYCEC",129,27,1,2
"500","DISCOVER FINANCIAL SVCS","DFS",177376,"254709108",2007-07-31,2018-06-30,"DISCFS",209,148,1,3
"501","CONCHO RESOURCES INC","CXO",177884,"20605P101",2016-02-29,2018-06-30,"CNCHRI",30,6,1,1
"502","ULTA BEAUTY INC","ULTA",178704,"90384S303",2016-04-30,2018-06-30,"ULTASC",32,11,1,1
"503","AMERICAN WATER WORKS CO INC","AWK",179437,"030420103",2016-03-31,2018-06-30,"AWK",16,1,1,1
"504","PHILIP MORRIS INTERNATIONAL","PM",179621,"718172109",2008-03-31,2018-06-30,"PMINTL",218,112,1,3
"505","DR PEPPER SNAPPLE GROUP INC","DPS",179700,"26138E109",2008-10-31,2018-06-30,"DRPSG",113,72,1,2
"506","SCRIPPS NETWORKS INTERACTIVE","SNI",180167,"811065101",2008-07-31,2018-02-28,"SCPNTW",91,62,1,1
"507","ACTIVISION BLIZZARD INC","ATVI",180405,"00507V109",2015-08-31,2018-06-30,"ACTVIS",138,61,1,2
"508","VERISK ANALYTICS INC","VRSK",180652,"92345Y106",2015-10-31,2018-06-30,"VRISKI",22,10,1,1
"509","MEAD JOHNSON NUTRITION CO","MJN",180833,"582839106",2009-12-31,2017-05-31,"MEAJON",87,63,1,1
"510","CBOE GLOBAL MARKETS INC","CBOE",184500,"12503M108",2017-03-31,2018-06-30,"CHBOEI",26,8,1,1
"511","MOTOROLA MOBILITY HLDGS INC","MMI.3",186106,"620097105",2011-01-31,2012-04-30,"MROLHO",17,16,1,1
"512","HUNTINGTON INGALLS IND INC","HII",186310,"446413106",2018-01-31,2018-06-30,"HGTONI",8,1,1,1
"513","MARATHON PETROLEUM CORP","MPC",186989,"56585A102",2011-07-31,2018-06-30,"MARATA",278,172,1,3
"514","WPX ENERGY INC","WPX",187128,"98212B103",2012-01-31,2014-02-28,"WPXYY",8,1,1,1
"515","FORTUNE BRANDS HOME & SECUR","FBHS",188255,"34964C106",2016-06-30,2018-06-30,"FBHSZZ",8,2,1,1
"516","MICHAEL KORS HOLDINGS LTD","KORS",198058,"G60754101",2013-11-30,2018-06-30,"KORSMD",41,22,1,1
"517","CBRE GROUP INC","CBRE",260774,"12504L109",2006-11-30,2018-06-30,"COLDB",121,53,1,2
"518","LYONDELLBASELL INDUSTRIES NV","LYB",294524,"N53745100",2012-09-30,2018-06-30,"LYO",49,18,1,1
"519","HESS CORP","HES",1380,"42809H107",2004-01-31,2018-06-30,"AMDHES",467,218,1,5
"520","BEAM INC","BEAM",1408,"073730103",2004-01-31,2014-04-30,"AMBRI",364,93,1,4
"521","AFLAC INC","AFL",1449,"001055102",2004-01-31,2018-06-30,"AFL",327,120,1,4
"522","TRANE INC","TT.2",1567,"892893108",2004-01-31,2008-05-31,"AMSTAN",136,0,1,2
"523","AMETEK INC","AME",1598,"031100100",2013-09-30,2018-06-30,"AMTAEP",55,4,1,1
"524","AMGEN INC","AMGN",1602,"031162100",2004-01-31,2018-06-30,"AMGE",850,349,1,9
"525","ANDREW CORP","ANDW",1651,"034425108",2004-01-31,2006-09-30,"ANDRW",98,0,1,1
"526","APACHE CORP","APA",1678,"037411105",2004-01-31,2018-06-30,"APCHE",322,175,1,4
"527","APPLE INC","AAPL",1690,"037833100",2004-01-31,2018-06-30,"APPLC",5377,4194,1,54
"528","AUTODESK INC","ADSK",1878,"052769106",2004-01-31,2018-06-30,"ATDK",359,87,1,4
"529","BALL CORP","BLL",1988,"058498106",2004-01-31,2018-06-30,"BALCOR",513,270,1,6
"530","BELLSOUTH CORP","BLS",2146,"079860102",2004-01-31,2006-12-31,"BLSATT",223,0,1,3
"531","BIOMET INC","BMET",2230,"090613100",2004-01-31,2007-06-30,"BMET",111,0,1,2
"532","ENSCO PLC","ESV",2270,"G3157S106",2007-01-31,2016-02-29,"BLOKEN",72,4,1,1
"533","BOEING CO","BA",2285,"097023105",2004-01-31,2018-06-30,"BOEING",2795,1193,1,28
"534","OFFICEMAX INC","OMX",2290,"67622P101",2004-01-31,2008-05-31,"BCC",152,1,1,2
"535","BRUNSWICK CORP","BC",2444,"117043109",2004-01-31,2008-05-31,"BRWICK",134,1,1,2
"536","UNISYS CORP","UIS",2504,"909214306",2004-01-31,2008-10-31,"BURCP",174,1,1,2
"537","CIGNA CORP","CI",2547,"125509109",2004-01-31,2018-06-30,"CONGEN",905,390,1,10
"538","CSX CORP","CSX",2574,"126408103",2004-01-31,2018-06-30,"CSXC",696,349,1,7
"539","CATERPILLAR INC","CAT",2817,"149123101",2004-01-31,2018-06-30,"CATRA",1536,728,1,16
"540","CENTEX CORP","CTX.2",2845,"152312104",2004-01-31,2009-07-31,"CNTKS",131,2,1,2
"541","CENTURYLINK INC","CTL",2884,"156700106",2004-01-31,2018-06-30,"CTLE",291,134,1,3
"542","CHEVRON CORP","CVX",2991,"166764100",2004-01-31,2018-06-30,"SOCAL",1344,694,1,14
"543","CHUBB CORP","CB.1",3024,"171232101",2004-01-31,2015-12-31,"CHBBCO",303,102,1,4
"544","CINTAS CORP","CTAS",3062,"172908105",2004-01-31,2018-06-30,"CNTAS",186,46,1,2
"545","IHEARTMEDIA INC","CCU.1",3105,"184502102",2004-01-31,2008-06-30,"CCMDIA",3,0,1,1
"546","CLEVELAND-CLIFFS INC","CLF",3107,"185899101",2009-12-31,2014-03-31,"CCIC",84,28,1,1
"547","COCA-COLA CO","KO",3144,"191216100",2004-01-31,2018-06-30,"COCA",774,362,1,8
"548","COLGATE-PALMOLIVE CO","CL",3170,"194162103",2004-01-31,2018-06-30,"COLPA",469,170,1,5
"549","AON PLC","AON",3221,"G0408V102",2004-01-31,2018-06-30,"CMBNDI",314,60,1,4
"550","COMCAST CORP","CMCSA",3226,"20030N101",2004-01-31,2018-06-30,"COMCST",1010,516,1,11
"551","COMCAST CORP","CMCSK",3226,"20030N200",2015-09-30,2015-11-30,"COMCST",6,1,1,1
"552","COMERICA INC","CMA",3231,"200340107",2004-01-31,2018-06-30,"COMEC",326,93,1,4
"553","CITIGROUP INC","C",3243,"172967424",2004-01-31,2018-06-30,"CCRED",4432,1583,1,45
"554","CA INC","CA",3310,"12673P105",2004-01-31,2018-06-30,"COMASC",537,116,1,6
"555","CORNING INC","GLW",3532,"219350105",2004-01-31,2018-06-30,"CORN",658,198,1,7
"556","CRANE CO","CR",3580,"224399105",2004-01-31,2004-11-30,"CRANE",10,0,1,1
"557","CUMMINS INC","CMI",3650,"231021106",2004-01-31,2018-06-30,"CUMEI",427,186,1,5
"558","DANA INC","DCNAQ",3734,"235811106",2004-01-31,2006-02-28,"DANA",180,0,1,2
"559","DANAHER CORP","DHR",3735,"235851102",2004-01-31,2018-06-30,"DMGI",451,150,1,5
"560","TARGET CORP","TGT",3813,"87612E106",2004-01-31,2018-06-30,"DAYHUD",1496,713,1,15
"561","DELUXE CORP","DLX",3863,"248019101",2004-01-31,2004-11-30,"DELCP",11,0,1,1
"562","DOVER CORP","DOV",4058,"260003108",2004-01-31,2018-06-30,"DVRCP",248,121,1,3
"563","DOWDUPONT INC","DWDP",4060,"26078J100",2004-01-31,2018-06-30,"DUPNT",1319,693,1,14
"564","FLOWSERVE CORP","FLS",4108,"34354P105",2008-10-31,2018-06-30,"DUR",113,65,1,2
"565","PERKINELMER INC","PKI",4145,"714046109",2004-01-31,2018-06-30,"EGG",184,45,1,2
"566","ECOLAB INC","ECL",4213,"278865100",2004-01-31,2018-06-30,"ECON",198,79,1,2
"567","EQUIFAX INC","EFX",4423,"294429105",2004-01-31,2018-06-30,"EQF",350,137,1,4
"568","EQT CORP","EQT",4430,"26884L109",2008-12-31,2018-06-30,"EQT",94,31,1,1
"569","FMC CORP","FMC",4510,"302491303",2009-08-31,2018-06-30,"FMCUSA",98,35,1,1
"570","FEDEX CORP","FDX",4598,"31428X106",2004-01-31,2018-06-30,"FDEXPS",1258,630,1,13
"571","MACY'S INC","M",4611,"55616P104",2004-01-31,2018-06-30,"FEDS",1110,478,1,12
"572","WACHOVIA CORP","WB.3",4739,"929903102",2004-01-31,2008-12-31,"FUNCP",752,55,1,8
"573","FLUOR CORP","FLR",4818,"343412102",2004-01-31,2018-06-30,"FLURCP",248,58,1,3
"574","TEGNA INC","TGNA",4988,"87901J105",2004-01-31,2017-05-31,"GGNEW",17,9,1,1
"575","GAP INC","GPS",4990,"364760108",2004-01-31,2018-06-30,"GAPSTR",954,331,1,10
"576","GEORGIA-PACIFIC CORP","GP.1",5134,"373298108",2004-01-31,2005-11-30,"GRGPAC",112,0,1,2
"577","GILLETTE CO","G.1",5169,"375766102",2004-01-31,2005-09-30,"GLLUK",146,0,1,2
"578","GOODRICH CORP","GR",5229,"382388106",2004-01-31,2012-06-30,"GDRBF",232,31,1,3
"579","HALLIBURTON CO","HAL",5439,"406216101",2004-01-31,2018-06-30,"HLLBT",979,352,1,10
"580","HARRIS CORP","HRS",5492,"413875105",2008-09-30,2018-06-30,"HARSCO",154,64,1,2
"581","HASBRO INC","HAS",5518,"418056107",2004-01-31,2018-06-30,"HASBRO",576,271,1,6
"582","WELLTOWER INC","WELL",5543,"95040Q104",2009-01-31,2018-06-30,"HCFDS",132,63,1,2
"583","HERCULES INC","HPC",5589,"427056106",2004-01-31,2008-10-31,"HERCLS",127,4,1,2
"584","HERSHEY CO","HSY",5597,"427866108",2004-01-31,2018-06-30,"HERSHF",625,280,1,7
"585","HP INC","HPQ",5606,"40434L105",2004-01-31,2018-06-30,"HEWLP",1367,825,1,14
"586","ITT INC","ITT",5860,"45073V108",2004-01-31,2011-10-31,"ITTIN",260,76,1,3
"587","INTEL CORP","INTC",6008,"458140100",2004-01-31,2018-06-30,"INTL",2881,1019,1,29
"588","KLA-TENCOR CORP","KLAC",6304,"482480100",2004-01-31,2018-06-30,"KLA",237,52,1,3
"589","KELLOGG CO","K",6375,"487836108",2004-01-31,2018-06-30,"KGGGB",650,308,1,7
"590","KERR-MCGEE CORP","KMG.1",6403,"492386107",2004-01-31,2006-07-31,"KMGUK",131,0,1,2
"591","KIMBERLY-CLARK CORP","KMB",6435,"494368103",2004-01-31,2018-06-30,"KMBCL",507,213,1,6
"592","KNIGHT-RIDDER INC","KRI",6475,"499040103",2004-01-31,2006-05-31,"KNGHTR",166,0,1,2
"593","KROGER CO","KR",6502,"501044101",2004-01-31,2018-06-30,"KROGR",682,344,1,7
"594","LSI CORP","LSI.1",6529,"502161102",2004-01-31,2014-04-30,"LSILGC",229,45,1,3
"595","LENNAR CORP","LEN",6669,"526057104",2005-10-31,2018-06-30,"LENC",457,210,1,5
"596","LOEWS CORP","L",6781,"540424108",2004-01-31,2018-06-30,"LOEW",280,71,1,3
"597","KEYSPAN CORP","KSE",6799,"49337W100",2004-01-31,2007-07-31,"LIL",110,0,1,2
"598","LOUISIANA-PACIFIC CORP","LPX",6821,"546347105",2004-01-31,2006-10-31,"LOUPAC",79,0,1,1
"599","MANITOWOC CO","MTW",6994,"563571405",2007-11-30,2009-08-31,"MANT",30,13,1,1
"600","MASCO CORP","MAS",7085,"574599106",2004-01-31,2018-06-30,"MCO",240,44,1,3
"601","MATTEL INC","MAT",7116,"577081102",2004-01-31,2018-06-30,"MATL",791,339,1,8
"602","MAYTAG CORP","MYG.1",7139,"578592107",2004-01-31,2006-03-31,"MTAG",265,0,1,3
"603","MCDONALD'S CORP","MCD",7154,"580135101",2004-01-31,2018-06-30,"BIGMAC",1887,1111,1,19
"604","MCKESSON CORP","MCK",7171,"58155Q103",2004-01-31,2018-06-30,"FORMK",457,169,1,5
"605","MEDTRONIC PLC","MDT",7228,"G5960L103",2004-01-31,2018-06-30,"MEDINC",921,360,1,10
"606","MEREDITH CORP","MDP",7260,"589433101",2004-01-31,2010-12-31,"MERDCO",123,8,1,2
"607","ENTERGY CORP","ETR",7366,"29364G103",2004-01-31,2018-06-30,"MIDSU",627,222,1,7
"608","MILLIPORE CORP","MIL.2",7409,"601073109",2004-01-31,2010-06-30,"MILI",83,3,1,1
"609","3M CO","MMM",7435,"88579Y101",2004-01-31,2018-06-30,"MMMUK",901,315,1,10
"610","MOLEX INC","MOLX",7506,"608554101",2004-01-31,2013-11-30,"MLXE",148,28,1,2
"611","NCR CORP","NCR",7648,"62886E108",2004-01-31,2007-09-30,"NCRCO",162,0,1,2
"612","NIKE INC","NKE",7906,"654106103",2004-01-31,2018-06-30,"NIKE",919,509,1,10
"613","NORDSTROM INC","JWN",7922,"655664100",2004-01-31,2018-06-30,"NOBE",513,212,1,6
"614","NISOURCE INC","NI",7974,"65473P105",2004-01-31,2018-06-30,"NINPUB",179,43,1,2
"615","TEREX CORP","TEX",7991,"880779103",2006-12-31,2008-10-31,"TERKS",29,5,1,1
"616","NUCOR CORP","NUE",8030,"670346105",2004-01-31,2018-06-30,"NUE",556,153,1,6
"617","FIRSTENERGY CORP","FE",8099,"337932107",2004-01-31,2018-06-30,"FRSNGY",382,119,1,4
"618","ONEOK INC","OKE",8151,"682680103",2010-03-31,2018-06-30,"OKE",147,68,1,2
"619","OWENS-ILLINOIS INC","OI",8215,"690768403",2009-01-31,2016-11-30,"OWENIL",124,113,1,2
"620","PACCAR INC","PCAR",8253,"693718108",2004-01-31,2018-06-30,"PACAR",217,95,1,3
"621","PALL CORP","PLL",8304,"696429307",2004-01-31,2015-07-31,"PLLEUR",176,56,1,2
"622","PARKER-HANNIFIN CORP","PH",8358,"701094104",2004-01-31,2018-06-30,"PRKHNF",304,103,1,4
"623","PAYCHEX INC","PAYX",8402,"704326107",2004-01-31,2018-06-30,"PAYCH",253,87,1,3
"624","PPL CORP","PPL",8455,"69351T106",2004-01-31,2018-06-30,"PPLRES",363,115,1,4
"625","PENTAIR PLC","PNR",8463,"G7S00T104",2012-10-31,2018-06-30,"PNTA",44,13,1,1
"626","PEPSICO INC","PEP",8479,"713448108",2004-01-31,2018-06-30,"PEPSCO",1121,519,1,12
"627","PFIZER INC","PFE",8530,"717081103",2004-01-31,2018-06-30,"PFIZ",2315,962,1,24
"628","EXELON CORP","EXC",8539,"30161N101",2004-01-31,2018-06-30,"PHELC",653,271,1,7
"629","CONOCOPHILLIPS","COP",8549,"20825C104",2004-01-31,2018-06-30,"PHILP",731,279,1,8
"630","PVH CORP","PVH",8551,"693656100",2013-02-28,2018-06-30,"PVH",120,40,1,2
"631","PULTEGROUP INC","PHM",8823,"745867101",2004-01-31,2018-06-30,"PUHO",307,127,1,4
"632","QUESTAR CORP","STR",8873,"748356102",2006-12-31,2010-06-30,"MFSUP",25,9,1,1
"633","RAYTHEON CO","RTN",8972,"755111507",2004-01-31,2018-06-30,"RAYTHN",483,148,1,5
"634","AUTONATION INC","AN",9063,"05329W102",2004-01-31,2017-07-31,"REPRES",423,149,1,5
"635","SAFECO CORP","SAF",9351,"786429100",2004-01-31,2008-08-31,"SAFCO",116,2,1,2
"636","SAFEWAY INC","SWY",9359,"786514208",2004-01-31,2014-12-31,"SFWFS",446,173,1,5
"637","SCANA CORP","SCG",9445,"80589M102",2009-01-31,2018-06-30,"SCAREL",172,60,1,2
"638","SCIENTIFIC-ATLANTA INC","SFA.1",9483,"808655104",2004-01-31,2006-01-31,"SCIANT",78,0,1,1
"639","SHERWIN-WILLIAMS CO","SHW",9667,"824348106",2004-01-31,2018-06-30,"SHRWNW",357,111,1,4
"640","SIGMA-ALDRICH CORP","SIAL",9699,"826552101",2004-01-31,2015-10-31,"SIAL",163,40,1,2
"641","SNAP-ON INC","SNA",9778,"833034101",2004-01-31,2018-06-30,"SNA",176,39,1,2
"642","KEYCORP","KEY",9783,"493267108",2004-01-31,2018-06-30,"SOCCOR",561,291,1,6
"643","SOUTHERN CO","SO",9850,"842587107",2004-01-31,2018-06-30,"SOTHCO",358,185,1,4
"644","AT&T INC","T",9899,"00206R102",2004-01-31,2018-06-30,"SBCATT",1872,1232,1,19
"645","STRYKER CORP","SYK",10115,"863667101",2004-01-31,2018-06-30,"STRY",376,203,1,4
"646","NAVIENT CORP","NAVI",10121,"63938C108",2004-01-31,2018-05-31,"NVNTCW",86,37,1,1
"647","SUNOCO INC","SUN.1",10156,"86764P109",2004-01-31,2012-09-30,"SUNOL",338,94,1,4
"648","SUPERVALU INC","SVU",10190,"868536301",2004-01-31,2012-04-30,"SVU",235,49,1,3
"649","SYSCO CORP","SYY",10247,"871829107",2004-01-31,2018-06-30,"SYSCOP",366,254,1,4
"650","TEKTRONIX INC","TEK.1",10391,"879131100",2004-01-31,2007-10-31,"TKTN",67,0,1,1
"651","TELLABS INC","TLAB",10420,"879664100",2004-01-31,2011-11-30,"TLAB",178,23,1,2
"652","TEMPLE-INLAND INC","TIN",10426,"879868107",2004-01-31,2007-11-30,"TL",119,0,1,2
"653","TERADYNE INC","TER",10453,"880770102",2004-01-31,2013-11-30,"TRADYN",109,23,1,2
"654","ANDEAVOR","ANDV",10466,"03349M105",2007-09-30,2018-06-30,"TSPTC",399,211,1,4
"655","TEXTRON INC","TXT",10519,"883203101",2004-01-31,2018-06-30,"TEXTR",443,107,1,5
"656","TORCHMARK CORP","TMK",10614,"891027104",2004-01-31,2018-06-30,"TMK",166,24,1,2
"657","AMEREN CORP","AEE",10860,"023608102",2004-01-31,2018-06-30,"AMRENC",314,83,1,4
"658","UDR INC","UDR",10894,"902653104",2016-03-31,2018-06-30,"ODRES",1,0,1,1
"659","UST INC","UST.1",10974,"902911106",2004-01-31,2008-12-31,"USTOB",113,0,1,2
"660","SPRINT CORP","S.3",10984,"852061100",2004-01-31,2013-06-30,"UNITEL",920,429,1,10
"661","UNOCAL CORP","UCL",11038,"915289102",2004-01-31,2005-07-31,"UNOL",101,0,1,2
"662","VF CORP","VFC",11060,"918204108",2004-01-31,2018-06-30,"VFCORP",337,99,1,4
"663","WALMART INC","WMT",11259,"931142103",2004-01-31,2018-06-30,"WLMRT",1883,852,1,19
"664","MEADWESTVACO CORP","MWV",11446,"583334107",2004-01-31,2015-06-30,"MEADC",198,50,1,2
"665","WEYERHAEUSER CO","WY",11456,"962166104",2004-01-31,2018-06-30,"WEYHAS",417,113,1,5
"666","WHIRLPOOL CORP","WHR",11465,"963320106",2004-01-31,2018-06-30,"WHRLPL",637,283,1,7
"667","XEROX CORP","XRX",11636,"984121608",2004-01-31,2018-06-30,"XRXCO",639,258,1,7
"668","BB&T CORP","BBT",11856,"054937107",2004-01-31,2018-06-30,"SNATCO",554,191,1,6
"669","NOVELL INC","NOVL",11910,"670006105",2004-01-31,2011-03-31,"NINC",229,18,1,3
"670","MICROSOFT CORP","MSFT",12141,"594918104",2004-01-31,2018-06-30,"MCROST",3610,1762,1,37
"671","ORACLE CORP","ORCL",12142,"68389X105",2004-01-31,2018-06-30,"ORCLE",1707,664,1,18
"672","COTY INC","COTY",12151,"222070203",2016-10-31,2018-06-30,"CTYINC",49,24,1,1
"673","DIRECTV","DTV.2",12206,"25490A309",2006-12-31,2015-06-30,"DTVINC",2,0,1,1
"674","GENZYME CORP","GENZ",12233,"372917104",2004-01-31,2011-03-31,"GNZYME",442,122,1,5
"675","GARTNER INC","IT",12441,"366651107",2017-04-30,2018-06-30,"GRTG",9,1,1,1
"676","FISERV INC","FISV",12635,"337738108",2004-01-31,2018-06-30,"FISRV",218,35,1,3
"677","KB HOME","KBH",12689,"48666K109",2004-01-31,2009-11-30,"KAUFBH",311,16,1,4
"678","CERNER CORP","CERN",12850,"156782104",2010-04-30,2018-06-30,"CERNE",94,63,1,1
"679","AIRGAS INC","ARG",12950,"009363102",2009-09-30,2016-04-30,"AIRGS",124,57,1,2
"680","HCP INC","HCP",13125,"40414L109",2008-03-31,2018-06-30,"HCPI",120,92,1,2
"681","MBIA INC","MBI",13561,"55262C100",2004-01-31,2009-11-30,"MBIAI",391,36,1,4
"682","CELGENE CORP","CELG",13599,"151020104",2006-11-30,2018-06-30,"CELG",492,272,1,5
"683","ABIOMED INC","ABMD",13619,"003654100",2018-05-31,2018-06-30,"ABMD",0,0,1,0
"684","CBS CORP","CBS",13714,"124857202",2004-01-31,2018-06-30,"WSTGE",692,343,1,7
"685","ZOETIS INC","ZTS",13721,"98978V103",2013-06-30,2018-06-30,"ZOETII",75,34,1,1
"686","FASTENAL CO","FAST",14225,"311900104",2008-09-30,2018-06-30,"FSNAL",175,104,1,2
"687","AMPHENOL CORP","APH",14282,"032095101",2008-09-30,2018-06-30,"AMPHNL",73,23,1,1
"688","ALTERA CORP","ALTR.",14324,"021441100",2004-01-31,2015-11-30,"ALTCRP",218,101,1,3
"689","ADT CORP","ADT.4",14438,"00101J106",2012-10-31,2016-04-30,"ADTSSI",80,43,1,1
"690","FREEPORT-MCMORAN INC","FCX",14590,"35671D857",2004-01-31,2018-06-30,"FMCC",499,252,1,5
"691","STAPLES INC","SPLS",15521,"855030102",2004-01-31,2017-08-31,"STPLS",541,226,1,6
"692","ALLERGAN INC","AGN.2",15708,"018490102",2004-01-31,2015-02-28,"ALLGOP",490,334,1,5
"693","SYMANTEC CORP","SYMC",15855,"871503108",2004-01-31,2018-06-30,"SYMT",622,232,1,7
"694","ABBVIE INC","ABBV",16101,"00287Y109",2013-01-31,2018-06-30,"ABVBBA",423,196,1,5
"695","SOLECTRON CORP","SLR",17110,"834182107",2004-01-31,2007-09-30,"SOLTRN",113,0,1,2
"696","NEWS CORP","NWSA",18043,"65249B109",2013-07-31,2018-06-30,"NNEWZ",146,147,1,2
"697","NEWS CORP","NWS",18043,"65249B208",2015-09-30,2018-06-30,"NNEWZ",68,55,1,1
"698","MALLINCKRODT PLC","MNK",18086,"G5785G107",2014-08-31,2017-06-30,"IMC",81,32,1,1
"699","PTC INC","PTC",18699,"69370C100",2004-01-31,2006-12-31,"PTCOR",59,0,1,1
"700","HOLOGIC INC","HOLX",20904,"436440101",2016-03-31,2018-06-30,"HOLGIN",24,2,1,1
"701","XILINX INC","XLNX",22325,"983919101",2004-01-31,2018-06-30,"XILN",264,61,1,3
"702","BAXALTA INC","BXLT",22734,"07177M103",2015-07-31,2016-05-31,"IFIWKY",45,33,1,1
"703","MBNA CORP","KRB",23592,"55262L100",2004-01-31,2005-12-31,"MBNAC",89,0,1,1
"704","AUTOZONE INC","AZO",23809,"053332102",2004-01-31,2018-06-30,"ATZONE",310,114,1,4
"705","PMC-SIERRA INC","PMCS",23943,"69344F106",2004-01-31,2007-06-30,"SIERS",80,0,1,1
"706","CEPHALON INC","CEPH",23945,"156708109",2008-11-30,2011-09-30,"CPHLN",68,51,1,1
"707","MEDIMMUNE INC","MEDI",24008,"584699102",2004-01-31,2007-05-31,"MDIMM",133,0,1,2
"708","AES CORP","AES",24216,"00130H105",2004-01-31,2018-06-30,"AESCOR",422,121,1,5
"709","BIOGEN INC","BIIB",24468,"09062X103",2004-01-31,2018-06-30,"IDECPH",619,256,1,7
"710","QUALCOMM INC","QCOM",24800,"747525103",2004-01-31,2018-06-30,"QCOM",1391,708,1,14
"711","SYNOPSYS INC","SNPS",24975,"871607107",2017-03-31,2018-06-30,"SYNOPS",15,1,1,1
"712","PRAXAIR INC","PX",25124,"74005P104",2004-01-31,2018-06-30,"PRAXA",264,147,1,3
"713","KOHL'S CORP","KSS",25283,"500255104",2004-01-31,2018-06-30,"KOHLDP",875,351,1,9
"714","STARBUCKS CORP","SBUX",25434,"855244109",2004-01-31,2018-06-30,"SBCOFF",1459,687,1,15
"715","DYNEGY INC","DYNIQ",25495,"26817G300",2004-01-31,2009-11-30,"TRINGL",277,24,1,3
"716","MCAFEE INC","MFE",25783,"579064106",2008-12-31,2011-02-28,"MCAVIR",47,34,1,1
"717","PEOPLESOFT INC","PSFT.",25944,"712713106",2004-01-31,2004-11-30,"PPLSFT",221,0,1,3
"718","COMPUWARE CORP","CPWR.",26011,"205638109",2004-01-31,2011-12-31,"CMPWRE",121,10,1,2
"719","CSRA INC","CSRA",26304,"12650T104",2015-11-30,2018-03-31,"RAEWFP",31,8,1,1
"720","FORTIVE CORP","FTV",26590,"34959J108",2016-07-31,2018-06-30,"FTVCZZ",25,4,1,1
"721","DDR CORP","DDR",27780,"23317H854",2007-03-31,2009-02-28,"DEVDRL",21,3,1,1
"722","ALLERGAN PLC","AGN",27845,"G0177J108",2004-01-31,2018-06-30,"WTSNPH",659,377,1,7
"723","HUMANA INC","HUM",27914,"444859102",2004-01-31,2018-06-30,"HMANA",966,499,1,10
"724","INTUIT INC","INTU",27928,"461202103",2004-01-31,2018-06-30,"ITUIT",421,162,1,5
"725","CHUBB LTD","CB",28034,"H1467J104",2004-01-31,2018-06-30,"ACELTD",421,89,1,5
"726","GGP INC","GGP",28119,"36174X101",2007-07-31,2018-06-30,"GGPR",185,70,1,2
"727","SANMINA CORP","SANM",28139,"801056102",2004-01-31,2007-06-30,"SNMINA",83,0,1,1
"728","ARCONIC INC","ARNC",28192,"03965L100",2016-11-30,2018-06-30,"ALMAM",139,63,1,2
"729","JABIL INC","JBL",28195,"466313103",2004-01-31,2014-10-31,"JABCRC",252,70,1,3
"730","TRANSOCEAN LTD","RIG",28338,"H8817H100",2004-01-31,2017-06-30,"SONATO",306,112,1,4
"731","ALLSTATE CORP","ALL",28349,"020002101",2004-01-31,2018-06-30,"ALLINS",580,229,1,6
"732","PETSMART INC","PETM",28648,"716768106",2012-10-31,2015-02-28,"PETMT",98,26,1,1
"733","BORGWARNER INC","BWA",28742,"099724106",2011-12-31,2018-06-30,"BWAUT",87,19,1,1
"734","INCYTE CORP","INCY",29127,"45337C102",2017-02-28,2018-06-30,"INCPHM",16,10,1,1
"735","GATEWAY INC","GTW",29345,"367626108",2004-01-31,2006-07-31,"GATEW",180,0,1,2
"736","ALBEMARLE CORP","ALB",29751,"012653101",2016-07-31,2018-06-30,"ALBML",20,2,1,1
"737","QLOGIC CORP","QLGC",29791,"747277101",2004-01-31,2010-12-31,"QLGICC",120,11,1,2
"738","INVESCO LTD","IVZ",29804,"G491BT108",2008-08-31,2018-06-30,"BRTA",154,45,1,2
"739","WESTROCK CO","WRK",29830,"96145D105",2015-07-31,2018-06-30,"RCKT",35,25,1,1
"740","MACERICH CO","MAC",29868,"554382101",2013-05-31,2018-06-30,"MACERC",90,26,1,1
"741","PROLOGIS INC","PLD",29984,"74340W103",2004-01-31,2018-06-30,"AMBPTY",228,91,1,3
"742","CINERGY CORP","CIN..",30865,"172474108",2004-01-31,2006-03-31,"CNERGY",73,0,1,1
"743","TECHNIPFMC PLC","FTI",30923,"G87110105",2017-01-31,2018-06-30,"FMCTEC",22,11,1,1
"744","GUIDANT CORP","GDT",31166,"401698105",2004-01-31,2006-03-31,"GUIDNT",297,0,1,3
"745","AMERISOURCEBERGEN CORP","ABC",31673,"03073E105",2004-01-31,2018-06-30,"ALCHS",437,93,1,5
"746","RESMED INC","RMD",31887,"761152107",2017-07-31,2018-06-30,"RSMDIN",13,0,1,1
"747","SUNEDISON INC","SUNEQ",60992,"86732Y109",2007-05-31,2011-11-30,"MEMCEM",43,19,1,1
"748","DAVITA INC","DVA",61483,"23918K108",2008-07-31,2018-06-30,"TOTRC",126,61,1,2
"749","SANDISK CORP","SNDK",61513,"80004C101",2006-04-30,2016-04-30,"SUNDIK",295,143,1,3
"750","WATERS CORP","WAT",61574,"941848103",2004-01-31,2018-06-30,"WATUSA",147,32,1,2
"751","NETAPP INC","NTAP",61591,"64110D104",2004-01-31,2018-06-30,"NTAPL",364,175,1,4
"752","ALTABA INC","AABA",62634,"021346101",2004-01-31,2017-05-31,"YAHCOR",2006,1530,1,21
"753","ANSYS INC","ANSS",63080,"03662Q105",2017-06-30,2018-06-30,"SWASYS",9,3,1,1
"754","STERICYCLE INC","SRCL",63527,"858912108",2008-11-30,2018-06-30,"STERY",52,14,1,1
"755","CALPINE CORP","CPNLQ",63605,"131347106",2004-01-31,2005-11-30,"CALPIC",150,0,1,2
"756","CIENA CORP","CIEN",64356,"171779309",2004-01-31,2009-11-30,"CIECP",232,10,1,3
"757","CARMAX INC","KMX",64410,"143130102",2010-06-30,2018-06-30,"CARMAX",194,115,1,2
"758","AMAZON.COM INC","AMZN",64768,"023135106",2005-11-30,2018-06-30,"AMZCOM",1242,919,1,13
"759","QORVO INC","QRVO",64853,"74736K101",2015-06-30,2018-06-30,"RFMIC",55,42,1,1
"760","POWER-ONE INC","PWER",65554,"73930R102",2004-01-31,2005-02-28,"PWRONE",12,0,1,1
"761","VERISIGN INC","VRSN",66368,"92343E102",2006-02-28,2018-06-30,"VRISGN",148,55,1,2
"762","BROADCOM CORP","BRCM",66708,"111320107",2004-01-31,2016-01-31,"BCOMNJ",442,178,1,5
"763","VENTAS INC","VTR",110179,"92276F100",2009-03-31,2018-06-30,"VNTSIN",156,120,1,2
"764","CONVERGYS CORP","CVG",113419,"212485106",2004-01-31,2009-11-30,"CONGYS",126,5,1,2
"765","EBAY INC","EBAY",114524,"278642103",2004-01-31,2018-06-30,"EBAYUS",1482,596,1,15
"766","NVIDIA CORP","NVDA",117768,"67066G104",2004-01-31,2018-06-30,"NVDCRP",522,244,1,6
"767","APTIV PLC","DPHIQ",118122,"247126105",2004-01-31,2005-09-30,"DELPHA",224,0,1,3
"768","APTIV PLC","APTV",118122,"G6095L109",2012-12-31,2018-06-30,"DELPHA",105,73,1,2
"769","BLACKROCK INC","BLK",124434,"09247X101",2011-04-30,2018-06-30,"BLAMAN",898,697,1,9
"770","PACTIV CORP","PTV",125533,"695257105",2004-01-31,2010-10-31,"TNCPKG",160,50,1,2
"771","METLIFE INC","MET",133768,"59156R108",2004-01-31,2018-06-30,"METLFE",1048,567,1,11
"772","VISTEON CORP","VSTNQ",136648,"92839U107",2004-01-31,2005-12-31,"VSTECP",157,0,1,2
"773","ILLUMINA INC","ILMN",138205,"452327109",2015-11-30,2018-06-30,"ILLMNA",40,14,1,1
"774","EQUINIX INC","EQIX",138743,"29444U700",2015-03-31,2018-06-30,"EQNXIN",148,69,1,2
"775","AVAYA INC","AV.1",139662,"053499109",2004-01-31,2007-09-30,"AVYINC",122,0,1,2
"776","MOODY'S CORP","MCO",139665,"615369105",2004-01-31,2018-06-30,"DUNBST",414,199,1,5
"777","TAPESTRY INC","TPR",140541,"876030107",2004-09-30,2018-06-30,"COCHIC",472,203,1,5
"778","MONSANTO CO","MON",140760,"61166W101",2004-01-31,2018-05-31,"MONSAN",1280,645,1,13
"779","GARMIN LTD","GRMN",141459,"H2906T109",2012-12-31,2018-06-30,"GRMGPS",30,13,1,1
"780","ACCENTURE PLC","ACN",143357,"G1151C101",2011-07-31,2018-06-30,"ANDAC",102,57,1,2
"781","ANTHEM INC","ANTM",145046,"036752103",2004-01-31,2018-06-30,"ANMINC",1041,531,1,11
"782","GAMESTOP CORP","GME",145049,"36467W109",2007-12-31,2016-03-31,"NEOSTR",250,131,1,3
"783","CENTENE CORP","CNC",145552,"15135B101",2016-03-31,2018-06-30,"CENTE",112,47,1,2
"784","LORILLARD INC","LO",147175,"544147101",2008-06-30,2015-05-31,"LTOB",188,198,1,2
"785","NETFLIX INC","NFLX",147579,"64110L106",2010-12-31,2018-06-30,"NETFLI",1100,820,1,11
"786","NASDAQ INC","NDAQ",149337,"631103108",2008-10-31,2018-06-30,"NASDAQ",968,631,1,10
"787","LKQ CORP","LKQ",155394,"501889208",2016-05-31,2018-06-30,"LKQCRP",24,6,1,1
"788","ASSURANT INC","AIZ",157057,"04621X108",2007-04-30,2018-06-30,"ASRANT",214,62,1,3
"789","SALESFORCE.COM INC","CRM",157855,"79466L302",2008-09-30,2018-06-30,"SALESF",311,235,1,4
"790","MASTERCARD INC","MA",160225,"57636Q104",2008-07-31,2018-06-30,"INTBMC",490,381,1,5
"791","HOSPIRA INC","HSP",160255,"441060100",2004-05-31,2015-08-31,"HOSPRA",274,96,1,3
"792","ALPHABET INC","GOOG",160329,"02079K107",2014-04-30,2018-06-30,"GOOG",959,554,1,10
"793","ALPHABET INC","GOOGL",160329,"02079K305",2006-04-30,2018-06-30,"GOOG",3010,1837,1,31
"794","MOSAIC CO","MOS",162129,"61945C103",2011-09-30,2018-06-30,"MSCCMP",152,85,1,2
"795","DISCOVERY INC","DISCA",164296,"25470F104",2010-03-31,2018-06-30,"DISCHA",192,114,1,2
"796","DISCOVERY INC","DISCK",164296,"25470F302",2014-08-31,2018-06-30,"DISCHA",97,55,1,1
"797","VIACOM INC","VIAB",165675,"92553P201",2006-01-31,2018-06-30,"VIACMI",810,464,1,9
"798","FACEBOOK INC","FB",170617,"30303M102",2013-12-31,2018-06-30,"ONLNFR",972,546,1,10
"799","EMBARQ CORP","EQ",174130,"29078E105",2006-05-31,2009-06-30,"MBARQ",62,8,1,1
"800","HANESBRANDS INC","HBI",175319,"410345102",2015-03-31,2018-06-30,"HANEBR",32,7,1,1
"801","COVIDIEN PLC","COV",177264,"G2554F113",2007-07-31,2014-12-31,"TYCHEA",162,65,1,2
"802","TERADATA CORP","TDC",178310,"88076W103",2007-10-31,2017-05-31,"TERDAT",113,41,1,2
"803","MSCI INC","MSCI",178507,"55354G100",2018-04-30,2018-06-30,"MSCINY",3,0,1,1
"804","VISA INC","V",179534,"92826C839",2009-12-31,2018-06-30,"VISA",470,419,1,5
"805","BROADCOM INC","AVGO",180711,"11135F101",2014-05-31,2018-06-30,"AVAGT",192,124,1,2
"806","CAREFUSION CORP","CFN",183257,"14170T101",2009-09-30,2015-02-28,"CRFSNC",106,42,1,2
"807","XYLEM INC","XYL",189491,"98419M100",2011-11-30,2018-06-30,"XYLEIN",74,20,1,1
"808","TRIPADVISOR INC","TRIP",199356,"896945201",2011-12-31,2018-06-30,"TADVIS",131,43,1,2
"809","ALLEGION PLC","ALLE",316056,"G0176J109",2013-12-31,2018-06-30,"LLGION",13,3,1,1
"810","CEDANT CORP","CD","UNKNOWN","UNKNOWN",1900-01-01,1900-01-01,"CDNT",0,0,0,0
